﻿<MD_Metadata xmlns="http://www.isotc211.org/2005/gmd" xmlns:gco="http://www.isotc211.org/2005/gco" xmlns:gts="http://www.isotc211.org/2005/gts" xmlns:srv="http://www.isotc211.org/2005/srv" xmlns:gml="http://www.opengis.net/gml" xmlns:xlink="http://www.w3.org/1999/xlink" xmlns:xsi="http://www.w3.org/2001/XMLSchema-instance">
  <language>
    <LanguageCode codeList="http://www.loc.gov/standards/iso639-2/php/code_list.php" codeListValue="eng" codeSpace="ISO639-2">eng</LanguageCode>
  </language>
  <characterSet>
    <MD_CharacterSetCode codeList="http://www.isotc211.org/2005/resources/Codelist/gmxCodelists.xml#MD_CharacterSetCode" codeListValue="utf8" codeSpace="ISOTC211/19115">utf8</MD_CharacterSetCode>
  </characterSet>
  <hierarchyLevel>
    <MD_ScopeCode codeList="http://www.isotc211.org/2005/resources/Codelist/gmxCodelists.xml#MD_ScopeCode" codeListValue="dataset" codeSpace="ISOTC211/19115">dataset</MD_ScopeCode>
  </hierarchyLevel>
  <hierarchyLevelName>
    <gco:CharacterString>dataset</gco:CharacterString>
  </hierarchyLevelName>
  <contact>
    <CI_ResponsibleParty>
      <organisationName>
        <gco:CharacterString>Queensland Herbarium, Department of Environment and Science</gco:CharacterString>
      </organisationName>
      <positionName>
        <gco:CharacterString>GDE Program Manager</gco:CharacterString>
      </positionName>
      <contactInfo>
        <CI_Contact>
          <phone>
            <CI_Telephone>
              <voice>
                <gco:CharacterString>61 7 3896 9326</gco:CharacterString>
              </voice>
            </CI_Telephone>
          </phone>
          <address>
            <CI_Address>
              <deliveryPoint>
                <gco:CharacterString>Brisbane Botanic Gardens, Mt Coot-tha Road</gco:CharacterString>
              </deliveryPoint>
              <city>
                <gco:CharacterString>TOOWONG</gco:CharacterString>
              </city>
              <administrativeArea>
                <gco:CharacterString>QLD</gco:CharacterString>
              </administrativeArea>
              <postalCode>
                <gco:CharacterString>4066</gco:CharacterString>
              </postalCode>
              <country>
                <Country codeList="http://www.iso.org/iso/country_codes/iso_3166_code_lists.htm" codeListValue="AU" codeSpace="ISO3166-1">AU</Country>
              </country>
              <electronicMailAddress>
                <gco:CharacterString>Queensland.Herbarium@dsitia.qld.gov.au</gco:CharacterString>
              </electronicMailAddress>
            </CI_Address>
          </address>
          <hoursOfService>
            <gco:CharacterString>9 am - 5 pm</gco:CharacterString>
          </hoursOfService>
        </CI_Contact>
      </contactInfo>
      <role>
        <CI_RoleCode codeList="http://www.isotc211.org/2005/resources/Codelist/gmxCodelists.xml#CI_RoleCode" codeListValue="pointOfContact" codeSpace="ISOTC211/19115">pointOfContact</CI_RoleCode>
      </role>
    </CI_ResponsibleParty>
  </contact>
  <dateStamp>
    <gco:Date>2018-05-24</gco:Date>
  </dateStamp>
  <metadataStandardName>
    <gco:CharacterString>ISO 19139 Geographic Information - Metadata - Implementation Specification</gco:CharacterString>
  </metadataStandardName>
  <metadataStandardVersion>
    <gco:CharacterString>2007</gco:CharacterString>
  </metadataStandardVersion>
  <spatialRepresentationInfo>
    <MD_VectorSpatialRepresentation>
      <topologyLevel>
        <MD_TopologyLevelCode codeList="http://www.isotc211.org/2005/resources/Codelist/gmxCodelists.xml#MD_TopologyLevelCode" codeListValue="geometryOnly" codeSpace="ISOTC211/19115">geometryOnly</MD_TopologyLevelCode>
      </topologyLevel>
      <geometricObjects>
        <MD_GeometricObjects>
          <geometricObjectType>
            <MD_GeometricObjectTypeCode codeList="http://www.isotc211.org/2005/resources/Codelist/gmxCodelists.xml#MD_GeometricObjectTypeCode" codeListValue="point" codeSpace="ISOTC211/19115">point</MD_GeometricObjectTypeCode>
          </geometricObjectType>
          <geometricObjectCount>
            <gco:Integer>2431</gco:Integer>
          </geometricObjectCount>
        </MD_GeometricObjects>
      </geometricObjects>
    </MD_VectorSpatialRepresentation>
  </spatialRepresentationInfo>
  <referenceSystemInfo>
    <MD_ReferenceSystem>
      <referenceSystemIdentifier>
        <RS_Identifier>
          <code>
            <gco:CharacterString>4283</gco:CharacterString>
          </code>
          <codeSpace>
            <gco:CharacterString>EPSG</gco:CharacterString>
          </codeSpace>
          <version>
            <gco:CharacterString>8.3.4(3.0.1)</gco:CharacterString>
          </version>
        </RS_Identifier>
      </referenceSystemIdentifier>
    </MD_ReferenceSystem>
  </referenceSystemInfo>
  <identificationInfo>
    <MD_DataIdentification>
      <citation>
        <CI_Citation>
          <title>
            <gco:CharacterString>GDE_Surface_Point_v01_5_1</gco:CharacterString>
          </title>
          <date>
            <CI_Date>
              <date>
                <gco:Date>2017-03-31</gco:Date>
              </date>
              <dateType>
                <CI_DateTypeCode codeList="http://www.isotc211.org/2005/resources/Codelist/gmxCodelists.xml#CI_DateTypeCode" codeListValue="publication" codeSpace="ISOTC211/19115">publication</CI_DateTypeCode>
              </dateType>
            </CI_Date>
          </date>
          <edition>
            <gco:CharacterString>Version 1.5.1</gco:CharacterString>
          </edition>
          <editionDate>
            <gco:Date>2018-05-31</gco:Date>
          </editionDate>
          <citedResponsibleParty>
            <CI_ResponsibleParty>
              <organisationName>
                <gco:CharacterString>Queensland Herbarium, Department of Environment and Science</gco:CharacterString>
              </organisationName>
              <positionName>
                <gco:CharacterString>GDE Program Manager</gco:CharacterString>
              </positionName>
              <role>
                <CI_RoleCode codeList="http://www.isotc211.org/2005/resources/Codelist/gmxCodelists.xml#CI_RoleCode" codeListValue="originator" codeSpace="ISOTC211/19115">originator</CI_RoleCode>
              </role>
            </CI_ResponsibleParty>
          </citedResponsibleParty>
          <presentationForm>
            <CI_PresentationFormCode codeList="http://www.isotc211.org/2005/resources/Codelist/gmxCodelists.xml#CI_PresentationFormCode" codeListValue="mapDigital" codeSpace="ISOTC211/19115">mapDigital</CI_PresentationFormCode>
          </presentationForm>
          <otherCitationDetails>
            <gco:CharacterString>Access AVAILABLE FORMAT TYPE(S) 1. Online Digital Data and Map Products via WetlandInfo and the Queensland Globe 2. Digital data available as a ESRI Shapefile, ESRI Geodatabase and ESRI Geodatabase Export download</gco:CharacterString>
          </otherCitationDetails>
        </CI_Citation>
      </citation>
      <abstract>
        <gco:CharacterString>Surface expression GDEs are ecosystems that are dependent on the discharge of groundwater on a permanent or intermittent basis to meet all or some of their water requirements so as to maintain their communities of plants and animals, ecological processes and ecosystem services. Surface expression GDE point features include spring wetlands. Information about the location and extent of known and potential GDEs was sourced from expert knowledge,field surveyliterature and existing datasets. This dataset is one of five datasets that describe the distribution of known and potential GDEs across the landscape. The complete set of GDE datasets is: 1. Surface expression GDE points, 2. Surface expression GDE lines, 3. Surface expression GDE areas, 4. Terrestrial GDE areas, 5. Subterranean GDE areas. As the different types of GDEs represent different overlapping layers or cross-sections of the landscape, it is recommended that the datasets be mapped in the order of listing shown above (i.e. surface expression GDE points on top) to maintain logical consistency and assist visualization.Version 1.0 (released October 2012) - mapping covers the whole of QueenslandVersion 1.1 (released May 2013) - updated mapping covers the whole of QueenslandVersion 1.2 doesnot existVersion 1.3 (released July 2015) - updated mapping covers the whole of Queensland and includes significant updates to attributionVersion 1.4 (released December 2015) - no change from version 1.3Version 1.5 (released March 2017) - mapping covering the whole of Queensland improved.Version 1.5.1 (released in May 2018) - mapping attribution revised to update hyperlinks to supporting material delivered via webpages.</gco:CharacterString>
      </abstract>
      <purpose>
        <gco:CharacterString>Surface expression groundwater dependent ecosystems (GDE) points</gco:CharacterString>
      </purpose>
      <status>
        <MD_ProgressCode codeList="http://www.isotc211.org/2005/resources/Codelist/gmxCodelists.xml#MD_ProgressCode" codeListValue="underDevelopment" codeSpace="ISOTC211/19115">underDevelopment</MD_ProgressCode>
      </status>
      <pointOfContact>
        <CI_ResponsibleParty>
          <organisationName>
            <gco:CharacterString>Queensland Herbarium, Department of Environment and Science</gco:CharacterString>
          </organisationName>
          <positionName>
            <gco:CharacterString>GDE Program Manager</gco:CharacterString>
          </positionName>
          <contactInfo>
            <CI_Contact>
              <phone>
                <CI_Telephone>
                  <voice>
                    <gco:CharacterString>61 7 3896 9326</gco:CharacterString>
                  </voice>
                </CI_Telephone>
              </phone>
              <address>
                <CI_Address>
                  <deliveryPoint>
                    <gco:CharacterString>Brisbane Botanic Gardens, Mt Coot-tha Road</gco:CharacterString>
                  </deliveryPoint>
                  <city>
                    <gco:CharacterString>TOOWONG</gco:CharacterString>
                  </city>
                  <administrativeArea>
                    <gco:CharacterString>QLD</gco:CharacterString>
                  </administrativeArea>
                  <postalCode>
                    <gco:CharacterString>4066</gco:CharacterString>
                  </postalCode>
                  <country>
                    <Country codeList="http://www.iso.org/iso/country_codes/iso_3166_code_lists.htm" codeListValue="AU" codeSpace="ISO3166-1">AU</Country>
                  </country>
                  <electronicMailAddress>
                    <gco:CharacterString>Queensland.Herbarium@dsitia.qld.gov.au</gco:CharacterString>
                  </electronicMailAddress>
                </CI_Address>
              </address>
              <hoursOfService>
                <gco:CharacterString>9 am - 5 pm</gco:CharacterString>
              </hoursOfService>
            </CI_Contact>
          </contactInfo>
          <role>
            <CI_RoleCode codeList="http://www.isotc211.org/2005/resources/Codelist/gmxCodelists.xml#CI_RoleCode" codeListValue="pointOfContact" codeSpace="ISOTC211/19115">pointOfContact</CI_RoleCode>
          </role>
        </CI_ResponsibleParty>
      </pointOfContact>
      <resourceMaintenance>
        <MD_MaintenanceInformation>
          <maintenanceAndUpdateFrequency>
            <MD_MaintenanceFrequencyCode codeList="http://www.isotc211.org/2005/resources/Codelist/gmxCodelists.xml#MD_MaintenanceFrequencyCode" codeListValue="irregular" codeSpace="ISOTC211/19115">irregular</MD_MaintenanceFrequencyCode>
          </maintenanceAndUpdateFrequency>
        </MD_MaintenanceInformation>
      </resourceMaintenance>
      <descriptiveKeywords>
        <MD_Keywords>
          <keyword>
            <gco:CharacterString>Queensland (QLD)</gco:CharacterString>
          </keyword>
          <type>
            <MD_KeywordTypeCode codeList="http://www.isotc211.org/2005/resources/Codelist/gmxCodelists.xml#MD_KeywordTypeCode" codeListValue="place" codeSpace="ISOTC211/19115">place</MD_KeywordTypeCode>
          </type>
        </MD_Keywords>
      </descriptiveKeywords>
      <descriptiveKeywords>
        <MD_Keywords>
          <keyword>
            <gco:CharacterString>inlandWaters, environment</gco:CharacterString>
          </keyword>
          <type>
            <MD_KeywordTypeCode codeList="http://www.isotc211.org/2005/resources/Codelist/gmxCodelists.xml#MD_KeywordTypeCode" codeListValue="theme" codeSpace="ISOTC211/19115">theme</MD_KeywordTypeCode>
          </type>
        </MD_Keywords>
      </descriptiveKeywords>
      <descriptiveKeywords>
        <MD_Keywords>
          <keyword>
            <gco:CharacterString>WATER Springs, WATER, WATER Wetlands Mapping, WATER Wetlands, WATER Mapping, WATER Groundwater, WATER Groundwater Mapping, ECOLOGY Ecosystem</gco:CharacterString>
          </keyword>
          <type>
            <MD_KeywordTypeCode codeList="http://www.isotc211.org/2005/resources/Codelist/gmxCodelists.xml#MD_KeywordTypeCode" codeListValue="theme" codeSpace="ISOTC211/19115">theme</MD_KeywordTypeCode>
          </type>
          <thesaurusName>
            <CI_Citation>
              <title>
                <gco:CharacterString>ISO 19115 Topic Categories</gco:CharacterString>
              </title>
              <date gco:nilReason="missing" />
            </CI_Citation>
          </thesaurusName>
        </MD_Keywords>
      </descriptiveKeywords>
      <descriptiveKeywords>
        <MD_Keywords>
          <keyword>
            <gco:CharacterString>Downloadable Data</gco:CharacterString>
          </keyword>
          <thesaurusName uuidref="723f6998-058e-11dc-8314-0800200c9a66" />
        </MD_Keywords>
      </descriptiveKeywords>
      <resourceConstraints>
        <MD_Constraints>
          <useLimitation>
            <gco:CharacterString>While every care is taken to ensure the accuracy of this information, the Queensland Department of Environment and Science makes no representations or warranties about its accuracy, reliability, completeness or suitability for any particular purpose and disclaims all responsibility and all liability (including without limitation, liability in negligence) for all expenses, losses, damages (including indirect or consequential damage) and costs which might be incurred as a result of the information being inaccurate or incomplete in any way and for any reason. © The State of Queensland (Department of Environment and Science) 2018.</gco:CharacterString>
          </useLimitation>
        </MD_Constraints>
      </resourceConstraints>
      <resourceConstraints>
        <MD_LegalConstraints>
          <useLimitation>
            <gco:CharacterString>While every care is taken to ensure the accuracy of this information, the Queensland Department of Environment and Science makes no representations or warranties about its accuracy, reliability, completeness or suitability for any particular purpose and disclaims all responsibility and all liability (including without limitation, liability in negligence) for all expenses, losses, damages (including indirect or consequential damage) and costs which might be incurred as a result of the information being inaccurate or incomplete in any way and for any reason. © The State of Queensland (Department of Environment and Science) 2018.</gco:CharacterString>
          </useLimitation>
          <otherConstraints>
            <gco:CharacterString>Unrestricted to all levels of government and community. Dataset is available to all government agencies, community groups and individuals. Dataset is available through physical supply and may be made available via web delivery tools, for example, through the Queensland Department of Environment and Science internet site.</gco:CharacterString>
          </otherConstraints>
        </MD_LegalConstraints>
      </resourceConstraints>
      <spatialRepresentationType>
        <MD_SpatialRepresentationTypeCode codeList="http://www.isotc211.org/2005/resources/Codelist/gmxCodelists.xml#MD_SpatialRepresentationTypeCode" codeListValue="vector" codeSpace="ISOTC211/19115">vector</MD_SpatialRepresentationTypeCode>
      </spatialRepresentationType>
      <language>
        <LanguageCode codeList="http://www.loc.gov/standards/iso639-2/php/code_list.php" codeListValue="eng" codeSpace="ISO639-2">eng</LanguageCode>
      </language>
      <characterSet>
        <MD_CharacterSetCode codeList="http://www.isotc211.org/2005/resources/Codelist/gmxCodelists.xml#MD_CharacterSetCode" codeListValue="utf8" codeSpace="ISOTC211/19115">utf8</MD_CharacterSetCode>
      </characterSet>
      <topicCategory>
        <MD_TopicCategoryCode>environment</MD_TopicCategoryCode>
      </topicCategory>
      <topicCategory>
        <MD_TopicCategoryCode>inlandWaters</MD_TopicCategoryCode>
      </topicCategory>
      <environmentDescription>
        <gco:CharacterString>Microsoft Windows 7 Version 6.1 (Build 7601) Service Pack 1; Esri ArcGIS 10.5.1.7333</gco:CharacterString>
      </environmentDescription>
      <extent>
        <EX_Extent>
          <description>
            <gco:CharacterString>Queensland (QLD)</gco:CharacterString>
          </description>
          <temporalElement>
            <EX_TemporalExtent>
              <extent>
                <gml:TimePeriod gml:id="ID0EZH">
                  <gml:beginPosition indeterminatePosition="unknown" />
                  <gml:endPosition>2015-12-14T00:00:00</gml:endPosition>
                </gml:TimePeriod>
              </extent>
            </EX_TemporalExtent>
          </temporalElement>
        </EX_Extent>
      </extent>
      <extent>
        <EX_Extent>
          <geographicElement>
            <EX_GeographicBoundingBox>
              <extentTypeCode>
                <gco:Boolean>true</gco:Boolean>
              </extentTypeCode>
              <westBoundLongitude>
                <gco:Decimal>138.18444</gco:Decimal>
              </westBoundLongitude>
              <eastBoundLongitude>
                <gco:Decimal>153.33741</gco:Decimal>
              </eastBoundLongitude>
              <southBoundLatitude>
                <gco:Decimal>-30.73016</gco:Decimal>
              </southBoundLatitude>
              <northBoundLatitude>
                <gco:Decimal>-10.74951</gco:Decimal>
              </northBoundLatitude>
            </EX_GeographicBoundingBox>
          </geographicElement>
        </EX_Extent>
      </extent>
    </MD_DataIdentification>
  </identificationInfo>
  <distributionInfo>
    <MD_Distribution>
      <distributionFormat>
        <MD_Format>
          <name>
            <gco:CharacterString>File Geodatabase Feature Class</gco:CharacterString>
          </name>
          <version gco:nilReason="missing" />
        </MD_Format>
      </distributionFormat>
      <distributor>
        <MD_Distributor>
          <distributorContact>
            <CI_ResponsibleParty>
              <organisationName>
                <gco:CharacterString>Queensland Department of Environment and Heritage Protection</gco:CharacterString>
              </organisationName>
              <positionName>
                <gco:CharacterString>Principal Project Officer, Wetlands</gco:CharacterString>
              </positionName>
              <contactInfo>
                <CI_Contact>
                  <address>
                    <CI_Address>
                      <city>
                        <gco:CharacterString>BRISBANE</gco:CharacterString>
                      </city>
                      <administrativeArea>
                        <gco:CharacterString>QLD</gco:CharacterString>
                      </administrativeArea>
                      <postalCode>
                        <gco:CharacterString>4000</gco:CharacterString>
                      </postalCode>
                      <country>
                        <Country codeList="http://www.iso.org/iso/country_codes/iso_3166_code_lists.htm" codeListValue="AU" codeSpace="ISO3166-1">AU</Country>
                      </country>
                      <electronicMailAddress>
                        <gco:CharacterString>wetlands@ehp.qld.gov.au</gco:CharacterString>
                      </electronicMailAddress>
                    </CI_Address>
                  </address>
                </CI_Contact>
              </contactInfo>
              <role>
                <CI_RoleCode codeList="http://www.isotc211.org/2005/resources/Codelist/gmxCodelists.xml#CI_RoleCode" codeListValue="distributor" codeSpace="ISOTC211/19115">distributor</CI_RoleCode>
              </role>
            </CI_ResponsibleParty>
          </distributorContact>
        </MD_Distributor>
      </distributor>
    </MD_Distribution>
  </distributionInfo>
  <dataQualityInfo>
    <DQ_DataQuality>
      <scope>
        <DQ_Scope>
          <level>
            <MD_ScopeCode codeList="http://www.isotc211.org/2005/resources/Codelist/gmxCodelists.xml#MD_ScopeCode" codeListValue="dataset" codeSpace="ISOTC211/19115">dataset</MD_ScopeCode>
          </level>
        </DQ_Scope>
      </scope>
      <report>
        <DQ_CompletenessOmission>
          <measureDescription>
            <gco:CharacterString>This dataset reflects the level of knowledge and information about the landscape that may be biased due to a range of reasons such as accessibility and land use: It is likely that the dataset is incomplete. Detailed field survey and verification of the groundwater location, extent and fluctuation has been done for most GDE points but not all.</gco:CharacterString>
          </measureDescription>
          <result gco:nilReason="missing" />
        </DQ_CompletenessOmission>
      </report>
      <report>
        <DQ_QuantitativeAttributeAccuracy>
          <measureDescription>
            <gco:CharacterString>The GDE attribution was sourced from the Queensland Springs database. The reliability of different attribute values may vary. Field sampled GDE points are attributed as known GDEs. Those that have not been field sampled are attributed as derived - low confidence.</gco:CharacterString>
          </measureDescription>
          <result gco:nilReason="missing" />
        </DQ_QuantitativeAttributeAccuracy>
      </report>
      <report>
        <DQ_AbsoluteExternalPositionalAccuracy>
          <measureDescription>
            <gco:CharacterString>The positional accuracy of field sampled GDE points is high (+/- 1 metre). Unsampled GDE points have a lower positional accuracy typically +/- 1 kilometre. For more information refer to the Queensland Springs Database metadata. </gco:CharacterString>
          </measureDescription>
          <result gco:nilReason="missing" />
        </DQ_AbsoluteExternalPositionalAccuracy>
      </report>
    </DQ_DataQuality>
  </dataQualityInfo>
  <metadataMaintenance>
    <MD_MaintenanceInformation>
      <maintenanceAndUpdateFrequency>
        <MD_MaintenanceFrequencyCode codeList="http://www.isotc211.org/2005/resources/Codelist/gmxCodelists.xml#MD_MaintenanceFrequencyCode" codeListValue="irregular" codeSpace="ISOTC211/19115">irregular</MD_MaintenanceFrequencyCode>
      </maintenanceAndUpdateFrequency>
    </MD_MaintenanceInformation>
  </metadataMaintenance>
</MD_Metadata>