﻿<MD_Metadata xmlns="http://www.isotc211.org/2005/gmd" xmlns:gco="http://www.isotc211.org/2005/gco" xmlns:gts="http://www.isotc211.org/2005/gts" xmlns:srv="http://www.isotc211.org/2005/srv" xmlns:gml="http://www.opengis.net/gml" xmlns:xlink="http://www.w3.org/1999/xlink" xmlns:xsi="http://www.w3.org/2001/XMLSchema-instance">
  <language>
    <LanguageCode codeList="http://www.loc.gov/standards/iso639-2/php/code_list.php" codeListValue="eng" codeSpace="ISO639-2">eng</LanguageCode>
  </language>
  <characterSet>
    <MD_CharacterSetCode codeList="http://www.isotc211.org/2005/resources/Codelist/gmxCodelists.xml#MD_CharacterSetCode" codeListValue="utf8" codeSpace="ISOTC211/19115">utf8</MD_CharacterSetCode>
  </characterSet>
  <hierarchyLevel>
    <MD_ScopeCode codeList="http://www.isotc211.org/2005/resources/Codelist/gmxCodelists.xml#MD_ScopeCode" codeListValue="dataset" codeSpace="ISOTC211/19115">dataset</MD_ScopeCode>
  </hierarchyLevel>
  <hierarchyLevelName>
    <gco:CharacterString>dataset</gco:CharacterString>
  </hierarchyLevelName>
  <contact gco:nilReason="missing" />
  <dateStamp>
    <gco:Date>2018-08-02</gco:Date>
  </dateStamp>
  <metadataStandardName>
    <gco:CharacterString>ISO 19139 Geographic Information - Metadata - Implementation Specification</gco:CharacterString>
  </metadataStandardName>
  <metadataStandardVersion>
    <gco:CharacterString>2007</gco:CharacterString>
  </metadataStandardVersion>
  <spatialRepresentationInfo>
    <MD_VectorSpatialRepresentation>
      <topologyLevel>
        <MD_TopologyLevelCode codeList="http://www.isotc211.org/2005/resources/Codelist/gmxCodelists.xml#MD_TopologyLevelCode" codeListValue="geometryOnly" codeSpace="ISOTC211/19115">geometryOnly</MD_TopologyLevelCode>
      </topologyLevel>
      <geometricObjects>
        <MD_GeometricObjects>
          <geometricObjectType>
            <MD_GeometricObjectTypeCode codeList="http://www.isotc211.org/2005/resources/Codelist/gmxCodelists.xml#MD_GeometricObjectTypeCode" codeListValue="point" codeSpace="ISOTC211/19115">point</MD_GeometricObjectTypeCode>
          </geometricObjectType>
          <geometricObjectCount>
            <gco:Integer>687</gco:Integer>
          </geometricObjectCount>
        </MD_GeometricObjects>
      </geometricObjects>
    </MD_VectorSpatialRepresentation>
  </spatialRepresentationInfo>
  <referenceSystemInfo>
    <MD_ReferenceSystem>
      <referenceSystemIdentifier>
        <RS_Identifier>
          <code>
            <gco:CharacterString>4283</gco:CharacterString>
          </code>
          <codeSpace>
            <gco:CharacterString>EPSG</gco:CharacterString>
          </codeSpace>
          <version>
            <gco:CharacterString>8.3.4(3.0.1)</gco:CharacterString>
          </version>
        </RS_Identifier>
      </referenceSystemIdentifier>
    </MD_ReferenceSystem>
  </referenceSystemInfo>
  <identificationInfo>
    <MD_DataIdentification>
      <citation>
        <CI_Citation>
          <title>
            <gco:CharacterString>Inactive Srpings</gco:CharacterString>
          </title>
          <date gco:nilReason="missing" />
          <presentationForm>
            <CI_PresentationFormCode codeList="http://www.isotc211.org/2005/resources/Codelist/gmxCodelists.xml#CI_PresentationFormCode" codeListValue="mapDigital" codeSpace="ISOTC211/19115">mapDigital</CI_PresentationFormCode>
          </presentationForm>
        </CI_Citation>
      </citation>
      <abstract>
        <gco:CharacterString>A spring is a hydrogeological feature by which groundwater discharges naturally to the land or cave surface. This includes springs with permanent and non-permanent (i.e. intermittent or ephemeral) saturation regimes, dynamic or static geographic locations, and diffuse or point source geographic locations. This inactive springs dataset provides a catalogue of springs that are no longer active (i.e. no groundwater flow whether permanent or intermittent). Basic information is available on inactive springs including location, grouping (i.e. complex and supergroup), rationale for inactivity, and source aquifer. Further information on inactive springs including physical properties, general morphology, disturbance, survey effort, photographic documentation, and historical descriptions is available in hyperlinks or in the Queensland Springs Database.</gco:CharacterString>
      </abstract>
      <descriptiveKeywords>
        <MD_Keywords>
          <keyword>
            <gco:CharacterString>Downloadable Data</gco:CharacterString>
          </keyword>
          <thesaurusName uuidref="723f6998-058e-11dc-8314-0800200c9a66" />
        </MD_Keywords>
      </descriptiveKeywords>
      <spatialRepresentationType>
        <MD_SpatialRepresentationTypeCode codeList="http://www.isotc211.org/2005/resources/Codelist/gmxCodelists.xml#MD_SpatialRepresentationTypeCode" codeListValue="vector" codeSpace="ISOTC211/19115">vector</MD_SpatialRepresentationTypeCode>
      </spatialRepresentationType>
      <language>
        <LanguageCode codeList="http://www.loc.gov/standards/iso639-2/php/code_list.php" codeListValue="eng" codeSpace="ISO639-2">eng</LanguageCode>
      </language>
      <characterSet>
        <MD_CharacterSetCode codeList="http://www.isotc211.org/2005/resources/Codelist/gmxCodelists.xml#MD_CharacterSetCode" codeListValue="utf8" codeSpace="ISOTC211/19115">utf8</MD_CharacterSetCode>
      </characterSet>
      <topicCategory>
        <MD_TopicCategoryCode>environment</MD_TopicCategoryCode>
      </topicCategory>
      <topicCategory>
        <MD_TopicCategoryCode>inlandWaters</MD_TopicCategoryCode>
      </topicCategory>
      <environmentDescription>
        <gco:CharacterString>Microsoft Windows 7 Version 6.1 (Build 7601) Service Pack 1; Esri ArcGIS 10.5.1.7333</gco:CharacterString>
      </environmentDescription>
      <extent>
        <EX_Extent>
          <geographicElement>
            <EX_GeographicBoundingBox>
              <extentTypeCode>
                <gco:Boolean>true</gco:Boolean>
              </extentTypeCode>
              <westBoundLongitude>
                <gco:Decimal>138.45863</gco:Decimal>
              </westBoundLongitude>
              <eastBoundLongitude>
                <gco:Decimal>149.16955</gco:Decimal>
              </eastBoundLongitude>
              <southBoundLatitude>
                <gco:Decimal>-30.73173</gco:Decimal>
              </southBoundLatitude>
              <northBoundLatitude>
                <gco:Decimal>-18.92039</gco:Decimal>
              </northBoundLatitude>
            </EX_GeographicBoundingBox>
          </geographicElement>
        </EX_Extent>
      </extent>
    </MD_DataIdentification>
  </identificationInfo>
  <distributionInfo>
    <MD_Distribution>
      <distributionFormat>
        <MD_Format>
          <name>
            <gco:CharacterString>SDE Feature Class</gco:CharacterString>
          </name>
          <version gco:nilReason="missing" />
        </MD_Format>
      </distributionFormat>
    </MD_Distribution>
  </distributionInfo>
</MD_Metadata>