﻿<MD_Metadata xmlns="http://www.isotc211.org/2005/gmd" xmlns:gco="http://www.isotc211.org/2005/gco" xmlns:gts="http://www.isotc211.org/2005/gts" xmlns:srv="http://www.isotc211.org/2005/srv" xmlns:gml="http://www.opengis.net/gml" xmlns:xlink="http://www.w3.org/1999/xlink" xmlns:xsi="http://www.w3.org/2001/XMLSchema-instance">
  <fileIdentifier>
    <gco:CharacterString>CF2C7C0B-FEAE-4DCF-B88F-ACCC07A3D565</gco:CharacterString>
  </fileIdentifier>
  <language>
    <LanguageCode codeList="http://www.loc.gov/standards/iso639-2/php/code_list.php" codeListValue="eng" codeSpace="ISO639-2">eng</LanguageCode>
  </language>
  <characterSet>
    <MD_CharacterSetCode codeList="http://www.isotc211.org/2005/resources/Codelist/gmxCodelists.xml#MD_CharacterSetCode" codeListValue="utf8" codeSpace="ISOTC211/19115">utf8</MD_CharacterSetCode>
  </characterSet>
  <parentIdentifier>
    <gco:CharacterString>{41CA0D1F-13EF-40F4-BD6C-4587C5B5D006}</gco:CharacterString>
  </parentIdentifier>
  <hierarchyLevel>
    <MD_ScopeCode codeList="http://www.isotc211.org/2005/resources/Codelist/gmxCodelists.xml#MD_ScopeCode" codeListValue="dataset" codeSpace="ISOTC211/19115">dataset</MD_ScopeCode>
  </hierarchyLevel>
  <hierarchyLevelName>
    <gco:CharacterString>dataset</gco:CharacterString>
  </hierarchyLevelName>
  <contact>
    <CI_ResponsibleParty>
      <organisationName>
        <gco:CharacterString>Department of Environment and Science</gco:CharacterString>
      </organisationName>
      <positionName>
        <gco:CharacterString>Communications Officer, Queensland Wetlands Program</gco:CharacterString>
      </positionName>
      <contactInfo>
        <CI_Contact>
          <phone>
            <CI_Telephone>
              <voice>
                <gco:CharacterString>07 3330 5925</gco:CharacterString>
              </voice>
            </CI_Telephone>
          </phone>
          <address>
            <CI_Address>
              <deliveryPoint>
                <gco:CharacterString>GPO Box 2454</gco:CharacterString>
              </deliveryPoint>
              <city>
                <gco:CharacterString>Brisbane</gco:CharacterString>
              </city>
              <administrativeArea>
                <gco:CharacterString>Queensland</gco:CharacterString>
              </administrativeArea>
              <postalCode>
                <gco:CharacterString>4001</gco:CharacterString>
              </postalCode>
              <country>
                <Country codeList="http://www.iso.org/iso/country_codes/iso_3166_code_lists.htm" codeListValue="AU" codeSpace="ISO3166-1">AU</Country>
              </country>
              <electronicMailAddress>
                <gco:CharacterString>wetlands@des.qld.gov.au</gco:CharacterString>
              </electronicMailAddress>
            </CI_Address>
          </address>
        </CI_Contact>
      </contactInfo>
      <role>
        <CI_RoleCode codeList="http://www.isotc211.org/2005/resources/Codelist/gmxCodelists.xml#CI_RoleCode" codeListValue="pointOfContact" codeSpace="ISOTC211/19115">pointOfContact</CI_RoleCode>
      </role>
    </CI_ResponsibleParty>
  </contact>
  <dateStamp>
    <gco:Date>2019-12-13</gco:Date>
  </dateStamp>
  <metadataStandardName>
    <gco:CharacterString>ISO 19139 Geographic Information - Metadata - Implementation Specification</gco:CharacterString>
  </metadataStandardName>
  <metadataStandardVersion>
    <gco:CharacterString>2007</gco:CharacterString>
  </metadataStandardVersion>
  <locale>
    <PT_Locale>
      <languageCode>
        <LanguageCode codeList="http://www.loc.gov/standards/iso639-2/php/code_list.php" codeListValue="eng" codeSpace="ISO639-2">eng</LanguageCode>
      </languageCode>
      <country>
        <Country codeList="http://www.iso.org/iso/country_codes/iso_3166_code_lists.htm" codeListValue="AU" codeSpace="ISO3166-1">AU</Country>
      </country>
      <characterEncoding>
        <MD_CharacterSetCode codeList="http://www.isotc211.org/2005/resources/Codelist/gmxCodelists.xml#MD_CharacterSetCode" codeListValue="utf8" codeSpace="ISOTC211/19115">utf8</MD_CharacterSetCode>
      </characterEncoding>
    </PT_Locale>
  </locale>
  <spatialRepresentationInfo>
    <MD_VectorSpatialRepresentation>
      <topologyLevel>
        <MD_TopologyLevelCode codeList="http://www.isotc211.org/2005/resources/Codelist/gmxCodelists.xml#MD_TopologyLevelCode" codeListValue="geometryOnly" codeSpace="ISOTC211/19115">geometryOnly</MD_TopologyLevelCode>
      </topologyLevel>
      <geometricObjects>
        <MD_GeometricObjects>
          <geometricObjectType>
            <MD_GeometricObjectTypeCode codeList="http://www.isotc211.org/2005/resources/Codelist/gmxCodelists.xml#MD_GeometricObjectTypeCode" codeListValue="composite" codeSpace="ISOTC211/19115">composite</MD_GeometricObjectTypeCode>
          </geometricObjectType>
          <geometricObjectCount>
            <gco:Integer>4061094</gco:Integer>
          </geometricObjectCount>
        </MD_GeometricObjects>
      </geometricObjects>
    </MD_VectorSpatialRepresentation>
  </spatialRepresentationInfo>
  <referenceSystemInfo>
    <MD_ReferenceSystem>
      <referenceSystemIdentifier>
        <RS_Identifier>
          <code>
            <gco:CharacterString>4283</gco:CharacterString>
          </code>
          <codeSpace>
            <gco:CharacterString>EPSG</gco:CharacterString>
          </codeSpace>
          <version>
            <gco:CharacterString>8.3.4(3.0.1)</gco:CharacterString>
          </version>
        </RS_Identifier>
      </referenceSystemIdentifier>
    </MD_ReferenceSystem>
  </referenceSystemInfo>
  <identificationInfo>
    <MD_DataIdentification>
      <citation>
        <CI_Citation>
          <title>
            <gco:CharacterString>Queensland Wetland Data Version 5.0 – Wetland Lines</gco:CharacterString>
          </title>
          <date>
            <CI_Date>
              <date>
                <gco:Date>2019-06-14</gco:Date>
              </date>
              <dateType>
                <CI_DateTypeCode codeList="http://www.isotc211.org/2005/resources/Codelist/gmxCodelists.xml#CI_DateTypeCode" codeListValue="creation" codeSpace="ISOTC211/19115">creation</CI_DateTypeCode>
              </dateType>
            </CI_Date>
          </date>
          <edition>
            <gco:CharacterString>Version 5.0</gco:CharacterString>
          </edition>
          <editionDate>
            <gco:Date>2019-06-14</gco:Date>
          </editionDate>
          <citedResponsibleParty>
            <CI_ResponsibleParty>
              <individualName>
                <gco:CharacterString>Queensland Herbarium</gco:CharacterString>
              </individualName>
              <organisationName>
                <gco:CharacterString>Department of Environment and Science</gco:CharacterString>
              </organisationName>
              <role>
                <CI_RoleCode codeList="http://www.isotc211.org/2005/resources/Codelist/gmxCodelists.xml#CI_RoleCode" codeListValue="custodian" codeSpace="ISOTC211/19115">custodian</CI_RoleCode>
              </role>
            </CI_ResponsibleParty>
          </citedResponsibleParty>
          <citedResponsibleParty>
            <CI_ResponsibleParty>
              <organisationName>
                <gco:CharacterString>Department of Environment and Science</gco:CharacterString>
              </organisationName>
              <positionName>
                <gco:CharacterString>Communications Officer, Queensland Wetlands Program</gco:CharacterString>
              </positionName>
              <role>
                <CI_RoleCode codeList="http://www.isotc211.org/2005/resources/Codelist/gmxCodelists.xml#CI_RoleCode" codeListValue="pointOfContact" codeSpace="ISOTC211/19115">pointOfContact</CI_RoleCode>
              </role>
            </CI_ResponsibleParty>
          </citedResponsibleParty>
          <presentationForm>
            <CI_PresentationFormCode codeList="http://www.isotc211.org/2005/resources/Codelist/gmxCodelists.xml#CI_PresentationFormCode" codeListValue="mapDigital" codeSpace="ISOTC211/19115">mapDigital</CI_PresentationFormCode>
          </presentationForm>
        </CI_Citation>
      </citation>
      <abstract>
        <gco:CharacterString>This dataset contains watercourse lines (a way or course through which water flows from time-to-time) covering the state of Queensland.</gco:CharacterString>
      </abstract>
      <purpose>
        <gco:CharacterString>Regularly monitor and report on wetland extent and characteristics.</gco:CharacterString>
      </purpose>
      <credit>
        <gco:CharacterString>© State of Queensland (Department of Environment and Science) 2019</gco:CharacterString>
      </credit>
      <status>
        <MD_ProgressCode codeList="http://www.isotc211.org/2005/resources/Codelist/gmxCodelists.xml#MD_ProgressCode" codeListValue="onGoing" codeSpace="ISOTC211/19115">onGoing</MD_ProgressCode>
      </status>
      <pointOfContact>
        <CI_ResponsibleParty>
          <individualName>
            <gco:CharacterString>Queensland Herbarium</gco:CharacterString>
          </individualName>
          <organisationName>
            <gco:CharacterString>Department of Environment and Science</gco:CharacterString>
          </organisationName>
          <contactInfo>
            <CI_Contact>
              <phone>
                <CI_Telephone>
                  <voice>
                    <gco:CharacterString>07 3199 7699</gco:CharacterString>
                  </voice>
                </CI_Telephone>
              </phone>
              <address>
                <CI_Address>
                  <deliveryPoint>
                    <gco:CharacterString>Queensland Herbarium</gco:CharacterString>
                  </deliveryPoint>
                  <deliveryPoint>
                    <gco:CharacterString>Mt Coot-tha Road, Brisbane Botanic Gardens</gco:CharacterString>
                  </deliveryPoint>
                  <city>
                    <gco:CharacterString>Toowong</gco:CharacterString>
                  </city>
                  <administrativeArea>
                    <gco:CharacterString>Queensland</gco:CharacterString>
                  </administrativeArea>
                  <postalCode>
                    <gco:CharacterString>4066</gco:CharacterString>
                  </postalCode>
                  <country>
                    <Country codeList="http://www.iso.org/iso/country_codes/iso_3166_code_lists.htm" codeListValue="AU" codeSpace="ISO3166-1">AU</Country>
                  </country>
                  <electronicMailAddress>
                    <gco:CharacterString>queensland.herbarium@des.qld.gov.au</gco:CharacterString>
                  </electronicMailAddress>
                </CI_Address>
              </address>
              <hoursOfService>
                <gco:CharacterString>9-5</gco:CharacterString>
              </hoursOfService>
            </CI_Contact>
          </contactInfo>
          <role>
            <CI_RoleCode codeList="http://www.isotc211.org/2005/resources/Codelist/gmxCodelists.xml#CI_RoleCode" codeListValue="custodian" codeSpace="ISOTC211/19115">custodian</CI_RoleCode>
          </role>
        </CI_ResponsibleParty>
      </pointOfContact>
      <resourceMaintenance>
        <MD_MaintenanceInformation>
          <maintenanceAndUpdateFrequency>
            <MD_MaintenanceFrequencyCode codeList="http://www.isotc211.org/2005/resources/Codelist/gmxCodelists.xml#MD_MaintenanceFrequencyCode" codeListValue="unknown" codeSpace="ISOTC211/19115">unknown</MD_MaintenanceFrequencyCode>
          </maintenanceAndUpdateFrequency>
          <contact>
            <CI_ResponsibleParty>
              <individualName>
                <gco:CharacterString>Queensland Herbarium</gco:CharacterString>
              </individualName>
              <organisationName>
                <gco:CharacterString>Department of Environment and Science</gco:CharacterString>
              </organisationName>
              <contactInfo>
                <CI_Contact>
                  <phone>
                    <CI_Telephone>
                      <voice>
                        <gco:CharacterString>07 3199 7699</gco:CharacterString>
                      </voice>
                    </CI_Telephone>
                  </phone>
                  <address>
                    <CI_Address>
                      <deliveryPoint>
                        <gco:CharacterString>Queensland Herbarium</gco:CharacterString>
                      </deliveryPoint>
                      <deliveryPoint>
                        <gco:CharacterString>Mt Coot-tha Road, Brisbane Botanic Gardens</gco:CharacterString>
                      </deliveryPoint>
                      <city>
                        <gco:CharacterString>Toowong</gco:CharacterString>
                      </city>
                      <administrativeArea>
                        <gco:CharacterString>Queensland</gco:CharacterString>
                      </administrativeArea>
                      <postalCode>
                        <gco:CharacterString>4066</gco:CharacterString>
                      </postalCode>
                      <country>
                        <Country codeList="http://www.iso.org/iso/country_codes/iso_3166_code_lists.htm" codeListValue="AU" codeSpace="ISO3166-1">AU</Country>
                      </country>
                      <electronicMailAddress>
                        <gco:CharacterString>queensland.herbarium@des.qld.gov.au</gco:CharacterString>
                      </electronicMailAddress>
                    </CI_Address>
                  </address>
                  <hoursOfService>
                    <gco:CharacterString>9-5</gco:CharacterString>
                  </hoursOfService>
                </CI_Contact>
              </contactInfo>
              <role>
                <CI_RoleCode codeList="http://www.isotc211.org/2005/resources/Codelist/gmxCodelists.xml#CI_RoleCode" codeListValue="custodian" codeSpace="ISOTC211/19115">custodian</CI_RoleCode>
              </role>
            </CI_ResponsibleParty>
          </contact>
        </MD_MaintenanceInformation>
      </resourceMaintenance>
      <descriptiveKeywords>
        <MD_Keywords>
          <keyword>
            <gco:CharacterString>Queensland</gco:CharacterString>
          </keyword>
          <type>
            <MD_KeywordTypeCode codeList="http://www.isotc211.org/2005/resources/Codelist/gmxCodelists.xml#MD_KeywordTypeCode" codeListValue="place" codeSpace="ISOTC211/19115">place</MD_KeywordTypeCode>
          </type>
          <thesaurusName>
            <CI_Citation>
              <title>
                <gco:CharacterString>ANZLIC Search Words</gco:CharacterString>
              </title>
              <date>
                <CI_Date>
                  <date>
                    <gco:Date>2007-08-01</gco:Date>
                  </date>
                  <dateType>
                    <CI_DateTypeCode codeList="http://www.isotc211.org/2005/resources/Codelist/gmxCodelists.xml#CI_DateTypeCode" codeListValue="publication" codeSpace="ISOTC211/19115">publication</CI_DateTypeCode>
                  </dateType>
                </CI_Date>
              </date>
            </CI_Citation>
          </thesaurusName>
        </MD_Keywords>
      </descriptiveKeywords>
      <descriptiveKeywords>
        <MD_Keywords>
          <keyword>
            <gco:CharacterString>WATER Surface</gco:CharacterString>
          </keyword>
          <keyword>
            <gco:CharacterString>WATER Rivers</gco:CharacterString>
          </keyword>
          <keyword>
            <gco:CharacterString>Wetlands</gco:CharacterString>
          </keyword>
          <keyword>
            <gco:CharacterString>Wetland extent</gco:CharacterString>
          </keyword>
          <keyword>
            <gco:CharacterString>WATER Wetlands</gco:CharacterString>
          </keyword>
          <keyword>
            <gco:CharacterString>WATER Wetlands Mapping</gco:CharacterString>
          </keyword>
          <keyword>
            <gco:CharacterString>WATER</gco:CharacterString>
          </keyword>
          <keyword>
            <gco:CharacterString>WATER Mapping</gco:CharacterString>
          </keyword>
          <keyword>
            <gco:CharacterString>WATER Rivers Mapping</gco:CharacterString>
          </keyword>
          <type>
            <MD_KeywordTypeCode codeList="http://www.isotc211.org/2005/resources/Codelist/gmxCodelists.xml#MD_KeywordTypeCode" codeListValue="theme" codeSpace="ISOTC211/19115">theme</MD_KeywordTypeCode>
          </type>
          <thesaurusName>
            <CI_Citation>
              <title>
                <gco:CharacterString>ANZLIC Search Words</gco:CharacterString>
              </title>
              <date>
                <CI_Date>
                  <date>
                    <gco:Date>2019-06-14</gco:Date>
                  </date>
                  <dateType>
                    <CI_DateTypeCode codeList="http://www.isotc211.org/2005/resources/Codelist/gmxCodelists.xml#CI_DateTypeCode" codeListValue="creation" codeSpace="ISOTC211/19115">creation</CI_DateTypeCode>
                  </dateType>
                </CI_Date>
              </date>
              <edition>
                <gco:CharacterString>Version 5.0</gco:CharacterString>
              </edition>
              <editionDate>
                <gco:Date>2019-06-14</gco:Date>
              </editionDate>
            </CI_Citation>
          </thesaurusName>
        </MD_Keywords>
      </descriptiveKeywords>
      <descriptiveKeywords>
        <MD_Keywords>
          <keyword>
            <gco:CharacterString>watercourse</gco:CharacterString>
          </keyword>
          <keyword>
            <gco:CharacterString>connector</gco:CharacterString>
          </keyword>
          <keyword>
            <gco:CharacterString>stream</gco:CharacterString>
          </keyword>
          <keyword>
            <gco:CharacterString>river</gco:CharacterString>
          </keyword>
          <keyword>
            <gco:CharacterString>creek</gco:CharacterString>
          </keyword>
          <keyword>
            <gco:CharacterString>gully</gco:CharacterString>
          </keyword>
          <keyword>
            <gco:CharacterString>canal</gco:CharacterString>
          </keyword>
          <keyword>
            <gco:CharacterString>drain</gco:CharacterString>
          </keyword>
          <keyword>
            <gco:CharacterString>channel</gco:CharacterString>
          </keyword>
          <keyword>
            <gco:CharacterString>drainage</gco:CharacterString>
          </keyword>
          <keyword>
            <gco:CharacterString>wetland</gco:CharacterString>
          </keyword>
          <type>
            <MD_KeywordTypeCode codeList="http://www.isotc211.org/2005/resources/Codelist/gmxCodelists.xml#MD_KeywordTypeCode" codeListValue="theme" codeSpace="ISOTC211/19115">theme</MD_KeywordTypeCode>
          </type>
          <thesaurusName>
            <CI_Citation>
              <title>
                <gco:CharacterString>Common Search Terms</gco:CharacterString>
              </title>
              <date>
                <CI_Date>
                  <date>
                    <gco:Date>2016-02-05</gco:Date>
                  </date>
                  <dateType>
                    <CI_DateTypeCode codeList="http://www.isotc211.org/2005/resources/Codelist/gmxCodelists.xml#CI_DateTypeCode" codeListValue="publication" codeSpace="ISOTC211/19115">publication</CI_DateTypeCode>
                  </dateType>
                </CI_Date>
              </date>
            </CI_Citation>
          </thesaurusName>
        </MD_Keywords>
      </descriptiveKeywords>
      <descriptiveKeywords>
        <MD_Keywords>
          <keyword>
            <gco:CharacterString>QSIC Foundation Dataset</gco:CharacterString>
          </keyword>
          <type>
            <MD_KeywordTypeCode codeList="http://www.isotc211.org/2005/resources/Codelist/gmxCodelists.xml#MD_KeywordTypeCode" codeListValue="theme" codeSpace="ISOTC211/19115">theme</MD_KeywordTypeCode>
          </type>
          <thesaurusName>
            <CI_Citation>
              <title>
                <gco:CharacterString>QSIC Foundation Data Themes</gco:CharacterString>
              </title>
              <date>
                <CI_Date>
                  <date>
                    <gco:Date>2012-11-01</gco:Date>
                  </date>
                  <dateType>
                    <CI_DateTypeCode codeList="http://www.isotc211.org/2005/resources/Codelist/gmxCodelists.xml#CI_DateTypeCode" codeListValue="publication" codeSpace="ISOTC211/19115">publication</CI_DateTypeCode>
                  </dateType>
                </CI_Date>
              </date>
            </CI_Citation>
          </thesaurusName>
        </MD_Keywords>
      </descriptiveKeywords>
      <descriptiveKeywords>
        <MD_Keywords>
          <keyword>
            <gco:CharacterString>Downloadable Data</gco:CharacterString>
          </keyword>
          <thesaurusName uuidref="723f6998-058e-11dc-8314-0800200c9a66" />
        </MD_Keywords>
      </descriptiveKeywords>
      <resourceConstraints>
        <MD_Constraints>
          <useLimitation>
            <gco:CharacterString>Features have been captured or updated from the best available imagery or data sources, with an attribute within the data describing the source and reliability.</gco:CharacterString>
          </useLimitation>
        </MD_Constraints>
      </resourceConstraints>
      <resourceConstraints>
        <MD_LegalConstraints>
          <useLimitation>
            <gco:CharacterString>While every care is taken to ensure the accuracy of the Information Product, the Department Environment and Science makes no representations or warranties about its accuracy, reliability, completeness or suitability for any particular purpose and disclaims all responsibility and all liability (including without limitation, liability in negligence) for all expenses, losses, damages (including indirect or consequential damage) and costs which you might incur as a result of the product being inaccurate or incomplete in any way and for any reason.</gco:CharacterString>
          </useLimitation>
          <useConstraints>
            <MD_RestrictionCode codeList="http://www.isotc211.org/2005/resources/Codelist/gmxCodelists.xml#MD_RestrictionCode" codeListValue="intellectualPropertyRights" codeSpace="ISOTC211/19115">intellectualPropertyRights</MD_RestrictionCode>
          </useConstraints>
        </MD_LegalConstraints>
      </resourceConstraints>
      <resourceConstraints>
        <MD_LegalConstraints>
          <useLimitation>
            <gco:CharacterString>This material is licensed under a Creative Commons - Attribution 4.0 International licence. The Department of Natural Resources, Mines and Energy requests attribution in the following manner: © State of Queensland (Department of Environment and Science) 2019. Updated data available at http://qldspatial.information.qld.gov.au/catalogue/ .</gco:CharacterString>
          </useLimitation>
          <useConstraints>
            <MD_RestrictionCode codeList="http://www.isotc211.org/2005/resources/Codelist/gmxCodelists.xml#MD_RestrictionCode" codeListValue="license" codeSpace="ISOTC211/19115">license</MD_RestrictionCode>
          </useConstraints>
        </MD_LegalConstraints>
      </resourceConstraints>
      <resourceConstraints>
        <MD_SecurityConstraints>
          <classification>
            <MD_ClassificationCode codeList="http://www.isotc211.org/2005/resources/Codelist/gmxCodelists.xml#MD_ClassificationCode" codeListValue="unclassified" codeSpace="ISOTC211/19115">unclassified</MD_ClassificationCode>
          </classification>
          <userNote>
            <gco:CharacterString>Unrestricted to all levels of government and community. Data is available to all government agencies, community groups and individuals. Dataset is available through physical supply and may be made available via web delivery tools, for example, through DNRME's internet sites.</gco:CharacterString>
          </userNote>
          <classificationSystem>
            <gco:CharacterString>ISO 19115 (mapped from Qld Govt Information Security Standard IS18)</gco:CharacterString>
          </classificationSystem>
        </MD_SecurityConstraints>
      </resourceConstraints>
      <spatialRepresentationType>
        <MD_SpatialRepresentationTypeCode codeList="http://www.isotc211.org/2005/resources/Codelist/gmxCodelists.xml#MD_SpatialRepresentationTypeCode" codeListValue="vector" codeSpace="ISOTC211/19115">vector</MD_SpatialRepresentationTypeCode>
      </spatialRepresentationType>
      <language>
        <LanguageCode codeList="http://www.loc.gov/standards/iso639-2/php/code_list.php" codeListValue="eng" codeSpace="ISO639-2">eng</LanguageCode>
      </language>
      <characterSet>
        <MD_CharacterSetCode codeList="http://www.isotc211.org/2005/resources/Codelist/gmxCodelists.xml#MD_CharacterSetCode" codeListValue="utf8" codeSpace="ISOTC211/19115">utf8</MD_CharacterSetCode>
      </characterSet>
      <topicCategory>
        <MD_TopicCategoryCode>inlandWaters</MD_TopicCategoryCode>
      </topicCategory>
      <topicCategory>
        <MD_TopicCategoryCode>biota</MD_TopicCategoryCode>
      </topicCategory>
      <environmentDescription>
        <gco:CharacterString> Version 6.2 (Build 9200) ; Esri ArcGIS 10.7.1.11595</gco:CharacterString>
      </environmentDescription>
      <extent>
        <EX_Extent>
          <description>
            <gco:CharacterString>Bounding Box</gco:CharacterString>
          </description>
          <geographicElement>
            <EX_GeographicBoundingBox>
              <extentTypeCode>
                <gco:Boolean>true</gco:Boolean>
              </extentTypeCode>
              <westBoundLongitude>
                <gco:Decimal>137.99466</gco:Decimal>
              </westBoundLongitude>
              <eastBoundLongitude>
                <gco:Decimal>153.533167</gco:Decimal>
              </eastBoundLongitude>
              <southBoundLatitude>
                <gco:Decimal>-29.179224</gco:Decimal>
              </southBoundLatitude>
              <northBoundLatitude>
                <gco:Decimal>-9.225498</gco:Decimal>
              </northBoundLatitude>
            </EX_GeographicBoundingBox>
          </geographicElement>
        </EX_Extent>
      </extent>
      <supplementalInformation>
        <gco:CharacterString>The watercourses are connected and flow directed; a sub-type of connector flows through waterbodies to create a linear network for hydrological modelling. Those features within the drainage basins that flow into the Coral Sea are generally captured at 1:25000 mapping specifications, those features within the Fitzroy, Burdekin and Murray Darling drainage basins and those features that flow towards Lake Eyre have been captured at 1:100000 mapping specifications while those that flow into the Gulf of Carpentaria or are within Cape York Peninsula have been captured at 1:50000 mapping specifications. The Watercourse lines - Queensland dataset and the Canal lines - Queensland dataset together form the states drainage network. 

Features within this dataset have been captured or updated from the best available imagery with an attribute within the data describing the source and reliability. Data sources include but not limited to: 
- Queensland Orthophotography 
- Satellite Imagery
- Geoscience Australia

Features are attributed with perenniality, hierarchy and names where available. Names have been sourced from:
- Queensland Place Names Database
- Queensland Topographic and Cadastral Mapping
- Geoscience Australia 100000 and 250000 Topographic Data
- Survey Plans
- Field checks

Feature Types: 
CONNECTOR - An artificial line used to connect watercourses across waterbodies to enable network analysis. Captured down the centre of the feature or the best interpretation of where the original watercourse would be and in the direction of flow. These features are used in canal areas, lakes (polygons), reservoirs (polygons), swamps and watercourse areas. To complete a linear network through a subject to inundation or saline coastal flats, a watercourse feature type is used. 
CULVERT - An artificial line used to connect linear water features underground (including under major roads, railways and other significant features) to enable network analysis. Features are captured down the centre of the feature or the best interpretation of where the feature is located or as a straight line joining the visible ends of the water feature if the location underground is difficult to determine. If the end point of the feature cannot be determined, an assumption is not made as to where the watercourse may flow and a feature will not be captured. 
DEMCONNECTOR - An artificial line used to connect hydrographic features across land (no defined watercourse) to allow network analysis of riverine networks. 
WATERCOURSE - A way or course through which water flows from time-to-time. 

Attributes: 
FEATURE - Unique feature type that identifies the topographic feature e.g. Culvert. 
TYPE - For use in ESRI Geodatabase only (display purposes) 
NAME - The name of the feature (if available) 
ALTERNATENAME - An alternate name of the feature (if available) 
PERENNIALITY - (Perennial or Non Perennial - If perennial then water flows most of the time) based on Geoscience Australia (GA) 100000 Topographic Data defined perennial watercourses. 
HIERARCHY - (Minor or Major) Importance rating of the watercourse based on Geoscience Australia 250000 Topographic Data defined major watercourses of Australia. In this dataset a small number of other watercourses have also been classified as a major watercourse so that all sub-drainage basin areas have at least one major watercourse within them. 
DIMENSION - This is the dimension of the feature in metres as measured in the GDA94 Australia (Albers projection) 
AUSHYDRO_ID - Unique ID number generated by Geoscience Australia for use in the National Hydro Geospatial Fabric


This dataset is stored in an ESRI Geodatabase. Some columns names may be shortened if downloaded in the ESRI shape format.

Detailed wetland methodology can be viewed at: http://wetlandinfo.des.qld.gov.au/wetlands/facts-maps/wetland-background/ 

References 

Dept. Environment and Science (2019) Wetland mapping and classification methodology – overall framework – a method to provide baseline mapping and classification for wetlands in Queensland Version 1.3. Dept. Environment and Science, Brisbane. http://wetlandinfo.des.qld.gov.au/wetlands/facts-maps/wetland-background/ 

De Vries, C., Danaher, K.F., and Dunning, M.C., (2002) Assessing and monitoring Queensland’s fish habitats using Landsat TM and ETM+ imagery. In 11th Australasian Remote Sensing and Photogrammetry Conference, Apan, A., Phinn, S., Joyce, K., Jonas, D., and Danaher, T. (eds) (Brisbane, Queensland Australia: Remote Sensing and Photogrammetry Association of Australasia), pp. 340-349.

Heap, A., Bryce, S., Ryan, D., Radke, L., Smith, C., Smith, R., Harris, P. and Heggie, D. (2001) Australian Estuaries and Coastal Waterways: A Geoscience Perspective for Improved and Integrated Resource Management A Report to the National Land and Water Resources Audit. Theme 7: Ecosystem Health AGSO Record 2001/07. Australian Geological Survey Organisation Commonwealth of Australia, Canberra.

Neldner, V.J., Wilson, B.A., Dillewaard, H.A., Ryan, T.S., Butler, D.W., McDonald, W.J.F, Addicott, E.P. and Appelman, C.N. (2019) Methodology for survey and mapping of regional ecosystems and vegetation communities in Queensland. Version 5.0. Updated March 2019. Queensland Herbarium, Queensland Department of Environment and Science, Brisbane. https://publications.qld.gov.au/dataset/redd/resource/6dee78ab-c12c-4692-9842-b7257c2511e4

Queensland Herbarium (2018) Regional Ecosystem Description Database (REDD). Version 11.0 (December 2018) (DES: Brisbane). https://www.qld.gov.au/environment/plants-animals/plants/ecosystems/download/
</gco:CharacterString>
      </supplementalInformation>
    </MD_DataIdentification>
  </identificationInfo>
  <distributionInfo>
    <MD_Distribution>
      <distributionFormat>
        <MD_Format>
          <name>
            <gco:CharacterString>SDE Feature Class</gco:CharacterString>
          </name>
          <version>
            <gco:CharacterString>10</gco:CharacterString>
          </version>
        </MD_Format>
      </distributionFormat>
      <distributor>
        <MD_Distributor>
          <distributorContact>
            <CI_ResponsibleParty>
              <individualName>
                <gco:CharacterString>DNRME, Open Data</gco:CharacterString>
              </individualName>
              <organisationName>
                <gco:CharacterString>Department of Natural Resources, Mines and Energy</gco:CharacterString>
              </organisationName>
              <positionName>
                <gco:CharacterString>Senior Product Officer</gco:CharacterString>
              </positionName>
              <contactInfo>
                <CI_Contact>
                  <phone>
                    <CI_Telephone>
                      <voice>
                        <gco:CharacterString>(07) 3330 4438</gco:CharacterString>
                      </voice>
                    </CI_Telephone>
                  </phone>
                  <address>
                    <CI_Address>
                      <electronicMailAddress>
                        <gco:CharacterString>opendata@dnrme.qld.gov.au</gco:CharacterString>
                      </electronicMailAddress>
                    </CI_Address>
                  </address>
                </CI_Contact>
              </contactInfo>
              <role>
                <CI_RoleCode codeList="http://www.isotc211.org/2005/resources/Codelist/gmxCodelists.xml#CI_RoleCode" codeListValue="distributor" codeSpace="ISOTC211/19115">distributor</CI_RoleCode>
              </role>
            </CI_ResponsibleParty>
          </distributorContact>
          <distributionOrderProcess>
            <MD_StandardOrderProcess>
              <orderingInstructions>
                <gco:CharacterString>Open the Queensland Spatial Catalogue (QSpatial).
Select the large SEARCH button and all available records are displayed.
Select one of the four filter options provided and then the further options within the filter.
The resultant search is then displayed.
Select your record and complete the order.</gco:CharacterString>
              </orderingInstructions>
            </MD_StandardOrderProcess>
          </distributionOrderProcess>
          <distributorFormat>
            <MD_Format>
              <name>
                <gco:CharacterString>Queensland Spatial Catalogue</gco:CharacterString>
              </name>
              <version>
                <gco:CharacterString>2.0</gco:CharacterString>
              </version>
              <specification>
                <gco:CharacterString>SHP, TAB, FGDB, KMZ</gco:CharacterString>
              </specification>
            </MD_Format>
          </distributorFormat>
          <distributorTransferOptions>
            <MD_DigitalTransferOptions>
              <unitsOfDistribution>
                <gco:CharacterString>Whole of dataset, although clipped areas are available through QSpatial.</gco:CharacterString>
              </unitsOfDistribution>
              <transferSize>
                <gco:Real>1040</gco:Real>
              </transferSize>
              <onLine>
                <CI_OnlineResource>
                  <linkage>
                    <URL>http://qldspatial.information.qld.gov.au/catalogue/custom/search.page?q=%22Watercourse lines - Queensland%22</URL>
                  </linkage>
                </CI_OnlineResource>
              </onLine>
            </MD_DigitalTransferOptions>
          </distributorTransferOptions>
        </MD_Distributor>
      </distributor>
    </MD_Distribution>
  </distributionInfo>
  <dataQualityInfo>
    <DQ_DataQuality>
      <scope>
        <DQ_Scope>
          <level>
            <MD_ScopeCode codeList="http://www.isotc211.org/2005/resources/Codelist/gmxCodelists.xml#MD_ScopeCode" codeListValue="dataset" codeSpace="ISOTC211/19115">dataset</MD_ScopeCode>
          </level>
        </DQ_Scope>
      </scope>
      <report>
        <DQ_CompletenessOmission>
          <measureDescription>
            <gco:CharacterString>The majority of the data is complete with all data being subject to continual update.</gco:CharacterString>
          </measureDescription>
          <result>
            <DQ_ConformanceResult>
              <specification>
                <CI_Citation>
                  <title>
                    <gco:CharacterString>Department of Environment and Science data capture process</gco:CharacterString>
                  </title>
                  <date>
                    <CI_Date>
                      <date>
                        <gco:Date>2019-06-14</gco:Date>
                      </date>
                      <dateType>
                        <CI_DateTypeCode codeList="http://www.isotc211.org/2005/resources/Codelist/gmxCodelists.xml#CI_DateTypeCode" codeListValue="creation" codeSpace="ISOTC211/19115">creation</CI_DateTypeCode>
                      </dateType>
                    </CI_Date>
                  </date>
                </CI_Citation>
              </specification>
              <explanation>
                <gco:CharacterString>The data is to a standard determined as fit for the purpose for which it was collected.</gco:CharacterString>
              </explanation>
              <pass>
                <gco:Boolean>true</gco:Boolean>
              </pass>
            </DQ_ConformanceResult>
          </result>
        </DQ_CompletenessOmission>
      </report>
      <report>
        <DQ_ConceptualConsistency>
          <measureDescription>
            <gco:CharacterString>Data should be free from overshoots, undershoots, duplicate lines and agree with topographic data product description requirements with a 5% error status</gco:CharacterString>
          </measureDescription>
          <result>
            <DQ_ConformanceResult>
              <specification>
                <CI_Citation>
                  <title>
                    <gco:CharacterString>Department of Environment and Science data capture process</gco:CharacterString>
                  </title>
                  <date>
                    <CI_Date>
                      <date>
                        <gco:Date>2019-06-14</gco:Date>
                      </date>
                      <dateType>
                        <CI_DateTypeCode codeList="http://www.isotc211.org/2005/resources/Codelist/gmxCodelists.xml#CI_DateTypeCode" codeListValue="creation" codeSpace="ISOTC211/19115">creation</CI_DateTypeCode>
                      </dateType>
                    </CI_Date>
                  </date>
                </CI_Citation>
              </specification>
              <explanation>
                <gco:CharacterString>The data is to a standard determined as fit for the purpose for which it was collected.</gco:CharacterString>
              </explanation>
              <pass>
                <gco:Boolean>true</gco:Boolean>
              </pass>
            </DQ_ConformanceResult>
          </result>
        </DQ_ConceptualConsistency>
      </report>
      <report>
        <DQ_AbsoluteExternalPositionalAccuracy>
          <measureDescription>
            <gco:CharacterString>The horizontal positional accuracy of the data that has been used to compile this dataset is as follows: Orthophotography +/- 1m, Satellite Imagery +/- 2.5m, Geoscience Australia 1:250000 Data +/- 20m.</gco:CharacterString>
          </measureDescription>
          <result>
            <DQ_ConformanceResult>
              <specification>
                <CI_Citation>
                  <title>
                    <gco:CharacterString>Department of Environment and Science data capture process</gco:CharacterString>
                  </title>
                  <date>
                    <CI_Date>
                      <date>
                        <gco:Date>2019-06-14</gco:Date>
                      </date>
                      <dateType>
                        <CI_DateTypeCode codeList="http://www.isotc211.org/2005/resources/Codelist/gmxCodelists.xml#CI_DateTypeCode" codeListValue="creation" codeSpace="ISOTC211/19115">creation</CI_DateTypeCode>
                      </dateType>
                    </CI_Date>
                  </date>
                </CI_Citation>
              </specification>
              <explanation>
                <gco:CharacterString>The data is to a standard determined as fit for the purpose for which it was collected.</gco:CharacterString>
              </explanation>
              <pass>
                <gco:Boolean>true</gco:Boolean>
              </pass>
            </DQ_ConformanceResult>
          </result>
        </DQ_AbsoluteExternalPositionalAccuracy>
      </report>
      <report>
        <DQ_NonQuantitativeAttributeAccuracy>
          <measureDescription>
            <gco:CharacterString>Attribution is completed in accordance with Qld Dept of Natural Resources and Mines, Digital Topographic Data Specifications</gco:CharacterString>
          </measureDescription>
          <result>
            <DQ_ConformanceResult>
              <specification>
                <CI_Citation>
                  <title>
                    <gco:CharacterString>Department of Environment and Science data capture process</gco:CharacterString>
                  </title>
                  <date>
                    <CI_Date>
                      <date>
                        <gco:Date>2015-08-19</gco:Date>
                      </date>
                      <dateType>
                        <CI_DateTypeCode codeList="http://www.isotc211.org/2005/resources/Codelist/gmxCodelists.xml#CI_DateTypeCode" codeListValue="publication" codeSpace="ISOTC211/19115">publication</CI_DateTypeCode>
                      </dateType>
                    </CI_Date>
                  </date>
                </CI_Citation>
              </specification>
              <explanation>
                <gco:CharacterString>The data is to a standard determined as fit for the purpose for which it was collected.</gco:CharacterString>
              </explanation>
              <pass>
                <gco:Boolean>true</gco:Boolean>
              </pass>
            </DQ_ConformanceResult>
          </result>
        </DQ_NonQuantitativeAttributeAccuracy>
      </report>
      <lineage>
        <LI_Lineage>
          <statement>
            <gco:CharacterString>Queensland Wetland Data – Wetland lines is derived from the Department of Natural Resources, Mines and Energy produced 1) Watercourse lines, and 2) Canals datasets.These input datasets were compiled as part of a collaborative program between the Queensland Government and Geoscience Australia to upgrade the states hydrographic data for inclusion in the national hydro geospatial fabric.

The original data that these dataset have been compiled from was scanned from topographic repromats, captured by photogrammetry, digitised from satellite imagery or orthophotography or taken from Geoscience Australia 250000 topographic datasets with reliability dates ranging from 1978 to 2005. This original data was spatially updated between 2010 and the start of 2014 using the best available imagery over the area, 10cm - 60cm orthophotography along much of the east coast  to 2.5m satellite imagery over the interior, the Gulf of Carpentaria and Cape York Peninsula.

Original data was compared to current imagery and updated (moved to correct position, deleted as the feature no longer exits or added as the feature is new). Linear features within the data have been concatenated and segmented at intersections and flow directed down-stream to assist with hydrological modelling. Canal lines where applicable merge with watercourse lines. 

As part of the collaborative agreement between the Queensland Government and Geoscience Australia, both organisations undertook to update the features within allocated drainage basins. Those drainage basins updated by the Queensland Government were updated using Microstation Geographics V8 in MGA94 (GDA94) before the data was transformed to Latitude/Longitude (GDA94). Geoscience Australia undertook their update process using ESRI ArcGIS V9 or V10. The Queensland Government was responsible for merging all basins into a whole of state dataset stored within an ESRI Geodatabase that agrees with the Geoscience Australia Topographic Database Schema in Latitude/Longitude (GDA94). 

The data is continually being updated using higher resolution imagery and LiDAR data. Information received from stakeholders and feedback from the community is also incorporated. In 2018 a program was undertaken to attribute features that would comprise a consistent state-wide 100k network within the single multi-scale dataset for use in vegetation management. 
</gco:CharacterString>
          </statement>
          <source>
            <LI_Source>
              <description>
                <gco:CharacterString>Queensland Orthophotography</gco:CharacterString>
              </description>
            </LI_Source>
          </source>
          <source>
            <LI_Source>
              <description>
                <gco:CharacterString>Satellite Imagery</gco:CharacterString>
              </description>
            </LI_Source>
          </source>
          <source>
            <LI_Source>
              <description>
                <gco:CharacterString>Geoscience Australia</gco:CharacterString>
              </description>
            </LI_Source>
          </source>
        </LI_Lineage>
      </lineage>
    </DQ_DataQuality>
  </dataQualityInfo>
  <metadataConstraints>
    <MD_SecurityConstraints>
      <useLimitation>
        <gco:CharacterString>Public</gco:CharacterString>
      </useLimitation>
      <classification>
        <MD_ClassificationCode codeList="http://www.isotc211.org/2005/resources/Codelist/gmxCodelists.xml#MD_ClassificationCode" codeListValue="unclassified" codeSpace="ISOTC211/19115">unclassified</MD_ClassificationCode>
      </classification>
      <classificationSystem>
        <gco:CharacterString>Metadata Access Level</gco:CharacterString>
      </classificationSystem>
    </MD_SecurityConstraints>
  </metadataConstraints>
  <metadataMaintenance>
    <MD_MaintenanceInformation>
      <maintenanceAndUpdateFrequency>
        <MD_MaintenanceFrequencyCode codeList="http://www.isotc211.org/2005/resources/Codelist/gmxCodelists.xml#MD_MaintenanceFrequencyCode" codeListValue="unknown" codeSpace="ISOTC211/19115">unknown</MD_MaintenanceFrequencyCode>
      </maintenanceAndUpdateFrequency>
      <contact>
        <CI_ResponsibleParty>
          <individualName>
            <gco:CharacterString>Queensland Herbarium</gco:CharacterString>
          </individualName>
          <organisationName>
            <gco:CharacterString>Department of Environment and Science</gco:CharacterString>
          </organisationName>
          <contactInfo>
            <CI_Contact>
              <address>
                <CI_Address>
                  <electronicMailAddress>
                    <gco:CharacterString>queensland.herbarium@des.qld.gov.au</gco:CharacterString>
                  </electronicMailAddress>
                </CI_Address>
              </address>
            </CI_Contact>
          </contactInfo>
          <role>
            <CI_RoleCode codeList="http://www.isotc211.org/2005/resources/Codelist/gmxCodelists.xml#CI_RoleCode" codeListValue="custodian" codeSpace="ISOTC211/19115">custodian</CI_RoleCode>
          </role>
        </CI_ResponsibleParty>
      </contact>
    </MD_MaintenanceInformation>
  </metadataMaintenance>
</MD_Metadata>