﻿<MD_Metadata xmlns="http://www.isotc211.org/2005/gmd" xmlns:gco="http://www.isotc211.org/2005/gco" xmlns:gts="http://www.isotc211.org/2005/gts" xmlns:srv="http://www.isotc211.org/2005/srv" xmlns:gml="http://www.opengis.net/gml" xmlns:xlink="http://www.w3.org/1999/xlink" xmlns:xsi="http://www.w3.org/2001/XMLSchema-instance">
  <fileIdentifier>
    <gco:CharacterString>b6622ffa-e54c-4cb6-ab40-23ab017ed906</gco:CharacterString>
  </fileIdentifier>
  <language>
    <LanguageCode codeList="http://www.loc.gov/standards/iso639-2/php/code_list.php" codeListValue="eng" codeSpace="ISO639-2">eng</LanguageCode>
  </language>
  <characterSet>
    <MD_CharacterSetCode codeList="http://www.isotc211.org/2005/resources/Codelist/gmxCodelists.xml#MD_CharacterSetCode" codeListValue="utf8" codeSpace="ISOTC211/19115">utf8</MD_CharacterSetCode>
  </characterSet>
  <hierarchyLevel>
    <MD_ScopeCode codeList="http://www.isotc211.org/2005/resources/Codelist/gmxCodelists.xml#MD_ScopeCode" codeListValue="dataset" codeSpace="ISOTC211/19115">dataset</MD_ScopeCode>
  </hierarchyLevel>
  <hierarchyLevelName>
    <gco:CharacterString>dataset</gco:CharacterString>
  </hierarchyLevelName>
  <contact>
    <CI_ResponsibleParty>
      <individualName>
        <gco:CharacterString>Dale Richter</gco:CharacterString>
      </individualName>
      <organisationName>
        <gco:CharacterString>Queensland Herbarium, Department of Environment and Science</gco:CharacterString>
      </organisationName>
      <positionName>
        <gco:CharacterString>Senior Scientist</gco:CharacterString>
      </positionName>
      <contactInfo>
        <CI_Contact>
          <phone>
            <CI_Telephone>
              <voice>
                <gco:CharacterString>61 7 3199 7699</gco:CharacterString>
              </voice>
            </CI_Telephone>
          </phone>
          <address>
            <CI_Address>
              <deliveryPoint>
                <gco:CharacterString>Queensland Herbarium, Brisbane Botanic Gardens, Mt Coot-tha Road</gco:CharacterString>
              </deliveryPoint>
              <city>
                <gco:CharacterString>TOOWONG</gco:CharacterString>
              </city>
              <administrativeArea>
                <gco:CharacterString>QLD</gco:CharacterString>
              </administrativeArea>
              <postalCode>
                <gco:CharacterString>4066</gco:CharacterString>
              </postalCode>
              <country>
                <Country codeList="http://www.iso.org/iso/country_codes/iso_3166_code_lists.htm" codeListValue="AU" codeSpace="ISO3166-1">AU</Country>
              </country>
              <electronicMailAddress>
                <gco:CharacterString>Queensland.Herbarium@des.qld.gov.au</gco:CharacterString>
              </electronicMailAddress>
            </CI_Address>
          </address>
          <hoursOfService>
            <gco:CharacterString>9 am - 5 pm  M-F</gco:CharacterString>
          </hoursOfService>
        </CI_Contact>
      </contactInfo>
      <role>
        <CI_RoleCode codeList="http://www.isotc211.org/2005/resources/Codelist/gmxCodelists.xml#CI_RoleCode" codeListValue="pointOfContact" codeSpace="ISOTC211/19115">pointOfContact</CI_RoleCode>
      </role>
    </CI_ResponsibleParty>
  </contact>
  <dateStamp>
    <gco:Date>2019-10-29</gco:Date>
  </dateStamp>
  <metadataStandardName>
    <gco:CharacterString>ISO 19139 Geographic Information - Metadata - Implementation Specification</gco:CharacterString>
  </metadataStandardName>
  <metadataStandardVersion>
    <gco:CharacterString>2007</gco:CharacterString>
  </metadataStandardVersion>
  <locale>
    <PT_Locale>
      <languageCode>
        <LanguageCode codeList="http://www.loc.gov/standards/iso639-2/php/code_list.php" codeListValue="eng" codeSpace="ISO639-2">eng</LanguageCode>
      </languageCode>
      <country>
        <Country codeList="http://www.iso.org/iso/country_codes/iso_3166_code_lists.htm" codeListValue="AU" codeSpace="ISO3166-1">AU</Country>
      </country>
      <characterEncoding>
        <MD_CharacterSetCode codeList="http://www.isotc211.org/2005/resources/Codelist/gmxCodelists.xml#MD_CharacterSetCode" codeListValue="utf8" codeSpace="ISOTC211/19115">utf8</MD_CharacterSetCode>
      </characterEncoding>
    </PT_Locale>
  </locale>
  <spatialRepresentationInfo>
    <MD_VectorSpatialRepresentation>
      <topologyLevel>
        <MD_TopologyLevelCode codeList="http://www.isotc211.org/2005/resources/Codelist/gmxCodelists.xml#MD_TopologyLevelCode" codeListValue="geometryOnly" codeSpace="ISOTC211/19115">geometryOnly</MD_TopologyLevelCode>
      </topologyLevel>
      <geometricObjects>
        <MD_GeometricObjects>
          <geometricObjectType>
            <MD_GeometricObjectTypeCode codeList="http://www.isotc211.org/2005/resources/Codelist/gmxCodelists.xml#MD_GeometricObjectTypeCode" codeListValue="composite" codeSpace="ISOTC211/19115">composite</MD_GeometricObjectTypeCode>
          </geometricObjectType>
          <geometricObjectCount>
            <gco:Integer>5875</gco:Integer>
          </geometricObjectCount>
        </MD_GeometricObjects>
      </geometricObjects>
    </MD_VectorSpatialRepresentation>
  </spatialRepresentationInfo>
  <referenceSystemInfo>
    <MD_ReferenceSystem>
      <referenceSystemIdentifier>
        <RS_Identifier>
          <code>
            <gco:CharacterString>4283</gco:CharacterString>
          </code>
          <codeSpace>
            <gco:CharacterString>EPSG</gco:CharacterString>
          </codeSpace>
          <version>
            <gco:CharacterString>8.3.4(3.0.1)</gco:CharacterString>
          </version>
        </RS_Identifier>
      </referenceSystemIdentifier>
    </MD_ReferenceSystem>
  </referenceSystemInfo>
  <identificationInfo>
    <MD_DataIdentification>
      <citation>
        <CI_Citation>
          <title>
            <gco:CharacterString>Mangrove and associated vegetation communities - 2016 - Moreton Bay area - Southeast Queensland</gco:CharacterString>
          </title>
          <alternateTitle>
            <gco:CharacterString>Mangrove Vegetation 2016</gco:CharacterString>
          </alternateTitle>
          <date>
            <CI_Date>
              <date>
                <gco:Date>2014-01-01</gco:Date>
              </date>
              <dateType>
                <CI_DateTypeCode codeList="http://www.isotc211.org/2005/resources/Codelist/gmxCodelists.xml#CI_DateTypeCode" codeListValue="creation" codeSpace="ISOTC211/19115">creation</CI_DateTypeCode>
              </dateType>
            </CI_Date>
          </date>
          <date>
            <CI_Date>
              <date>
                <gco:Date>2019-04-11</gco:Date>
              </date>
              <dateType>
                <CI_DateTypeCode codeList="http://www.isotc211.org/2005/resources/Codelist/gmxCodelists.xml#CI_DateTypeCode" codeListValue="publication" codeSpace="ISOTC211/19115">publication</CI_DateTypeCode>
              </dateType>
            </CI_Date>
          </date>
          <edition>
            <gco:CharacterString>Version 2.0</gco:CharacterString>
          </edition>
          <editionDate>
            <gco:Date>2019-04-11</gco:Date>
          </editionDate>
          <citedResponsibleParty>
            <CI_ResponsibleParty>
              <individualName>
                <gco:CharacterString>DES, S, SD, ED</gco:CharacterString>
              </individualName>
              <organisationName>
                <gco:CharacterString>Queensland Herbarium, Department of Environment and Science</gco:CharacterString>
              </organisationName>
              <positionName>
                <gco:CharacterString>Executive Director, Science and Knowledge</gco:CharacterString>
              </positionName>
              <contactInfo>
                <CI_Contact>
                  <address>
                    <CI_Address>
                      <deliveryPoint>
                        <gco:CharacterString>Queensland Herbarium, Brisbane Botanic Gardens, Mt Coot-tha Road</gco:CharacterString>
                      </deliveryPoint>
                      <city>
                        <gco:CharacterString>TOOWONG</gco:CharacterString>
                      </city>
                      <administrativeArea>
                        <gco:CharacterString>QLD</gco:CharacterString>
                      </administrativeArea>
                      <postalCode>
                        <gco:CharacterString>4066</gco:CharacterString>
                      </postalCode>
                      <country>
                        <Country codeList="http://www.iso.org/iso/country_codes/iso_3166_code_lists.htm" codeListValue="AU" codeSpace="ISO3166-1">AU</Country>
                      </country>
                    </CI_Address>
                  </address>
                  <hoursOfService>
                    <gco:CharacterString>9 am - 5 pm  M-F</gco:CharacterString>
                  </hoursOfService>
                </CI_Contact>
              </contactInfo>
              <role>
                <CI_RoleCode codeList="http://www.isotc211.org/2005/resources/Codelist/gmxCodelists.xml#CI_RoleCode" codeListValue="custodian" codeSpace="ISOTC211/19115">custodian</CI_RoleCode>
              </role>
            </CI_ResponsibleParty>
          </citedResponsibleParty>
          <citedResponsibleParty>
            <CI_ResponsibleParty>
              <individualName>
                <gco:CharacterString>DES, S, SD, ED</gco:CharacterString>
              </individualName>
              <organisationName>
                <gco:CharacterString>Queensland Herbarium, Department of Environment and Science</gco:CharacterString>
              </organisationName>
              <positionName>
                <gco:CharacterString>Executive Director, Science and Knowledge</gco:CharacterString>
              </positionName>
              <contactInfo>
                <CI_Contact>
                  <address>
                    <CI_Address>
                      <deliveryPoint>
                        <gco:CharacterString>Queensland Herbarium, Brisbane Botanic Gardens, Mt Coot-tha Road</gco:CharacterString>
                      </deliveryPoint>
                      <city>
                        <gco:CharacterString>TOOWONG</gco:CharacterString>
                      </city>
                      <administrativeArea>
                        <gco:CharacterString>QLD</gco:CharacterString>
                      </administrativeArea>
                      <postalCode>
                        <gco:CharacterString>4066</gco:CharacterString>
                      </postalCode>
                      <country>
                        <Country codeList="http://www.iso.org/iso/country_codes/iso_3166_code_lists.htm" codeListValue="AU" codeSpace="ISO3166-1">AU</Country>
                      </country>
                    </CI_Address>
                  </address>
                  <hoursOfService>
                    <gco:CharacterString>9 am - 5 pm  M-F</gco:CharacterString>
                  </hoursOfService>
                </CI_Contact>
              </contactInfo>
              <role>
                <CI_RoleCode codeList="http://www.isotc211.org/2005/resources/Codelist/gmxCodelists.xml#CI_RoleCode" codeListValue="resourceProvider" codeSpace="ISOTC211/19115">resourceProvider</CI_RoleCode>
              </role>
            </CI_ResponsibleParty>
          </citedResponsibleParty>
          <citedResponsibleParty>
            <CI_ResponsibleParty>
              <individualName>
                <gco:CharacterString>Dr Arnon Accad</gco:CharacterString>
              </individualName>
              <organisationName>
                <gco:CharacterString>Queensland Herbarium, Department of Environment and Science</gco:CharacterString>
              </organisationName>
              <positionName>
                <gco:CharacterString>Principle Scientist</gco:CharacterString>
              </positionName>
              <contactInfo>
                <CI_Contact>
                  <phone>
                    <CI_Telephone>
                      <voice>
                        <gco:CharacterString>61 7 3199 7699</gco:CharacterString>
                      </voice>
                    </CI_Telephone>
                  </phone>
                  <address>
                    <CI_Address>
                      <deliveryPoint>
                        <gco:CharacterString>Queensland Herbarium, Brisbane Botanic Gardens, Mt Coot-tha Road</gco:CharacterString>
                      </deliveryPoint>
                      <city>
                        <gco:CharacterString>TOOWONG</gco:CharacterString>
                      </city>
                      <administrativeArea>
                        <gco:CharacterString>QLD</gco:CharacterString>
                      </administrativeArea>
                      <postalCode>
                        <gco:CharacterString>4066</gco:CharacterString>
                      </postalCode>
                      <country>
                        <Country codeList="http://www.iso.org/iso/country_codes/iso_3166_code_lists.htm" codeListValue="AU" codeSpace="ISO3166-1">AU</Country>
                      </country>
                      <electronicMailAddress>
                        <gco:CharacterString>Queensland.Herbarium@des.qld.gov.au</gco:CharacterString>
                      </electronicMailAddress>
                    </CI_Address>
                  </address>
                  <hoursOfService>
                    <gco:CharacterString>9 am - 5 pm  M-F</gco:CharacterString>
                  </hoursOfService>
                </CI_Contact>
              </contactInfo>
              <role>
                <CI_RoleCode codeList="http://www.isotc211.org/2005/resources/Codelist/gmxCodelists.xml#CI_RoleCode" codeListValue="originator" codeSpace="ISOTC211/19115">originator</CI_RoleCode>
              </role>
            </CI_ResponsibleParty>
          </citedResponsibleParty>
          <citedResponsibleParty>
            <CI_ResponsibleParty>
              <individualName>
                <gco:CharacterString>Dale Richter</gco:CharacterString>
              </individualName>
              <organisationName>
                <gco:CharacterString>Queensland Herbarium, Department of Environment and Science</gco:CharacterString>
              </organisationName>
              <positionName>
                <gco:CharacterString>Senior Scientist</gco:CharacterString>
              </positionName>
              <contactInfo>
                <CI_Contact>
                  <phone>
                    <CI_Telephone>
                      <voice>
                        <gco:CharacterString>61 7 3199 7699</gco:CharacterString>
                      </voice>
                    </CI_Telephone>
                  </phone>
                  <address>
                    <CI_Address>
                      <deliveryPoint>
                        <gco:CharacterString>Queensland Herbarium, Brisbane Botanic Gardens, Mt Coot-tha Road</gco:CharacterString>
                      </deliveryPoint>
                      <city>
                        <gco:CharacterString>TOOWONG</gco:CharacterString>
                      </city>
                      <administrativeArea>
                        <gco:CharacterString>QLD</gco:CharacterString>
                      </administrativeArea>
                      <postalCode>
                        <gco:CharacterString>4066</gco:CharacterString>
                      </postalCode>
                      <country>
                        <Country codeList="http://www.iso.org/iso/country_codes/iso_3166_code_lists.htm" codeListValue="AU" codeSpace="ISO3166-1">AU</Country>
                      </country>
                      <electronicMailAddress>
                        <gco:CharacterString>Queensland.Herbarium@des.qld.gov.au</gco:CharacterString>
                      </electronicMailAddress>
                    </CI_Address>
                  </address>
                  <hoursOfService>
                    <gco:CharacterString>9 am - 5 pm  M-F</gco:CharacterString>
                  </hoursOfService>
                </CI_Contact>
              </contactInfo>
              <role>
                <CI_RoleCode codeList="http://www.isotc211.org/2005/resources/Codelist/gmxCodelists.xml#CI_RoleCode" codeListValue="pointOfContact" codeSpace="ISOTC211/19115">pointOfContact</CI_RoleCode>
              </role>
            </CI_ResponsibleParty>
          </citedResponsibleParty>
          <citedResponsibleParty>
            <CI_ResponsibleParty>
              <individualName>
                <gco:CharacterString>Dale Richter</gco:CharacterString>
              </individualName>
              <organisationName>
                <gco:CharacterString>Queensland Herbarium, Department of Environment and Science</gco:CharacterString>
              </organisationName>
              <positionName>
                <gco:CharacterString>Senior Scientist</gco:CharacterString>
              </positionName>
              <contactInfo>
                <CI_Contact>
                  <phone>
                    <CI_Telephone>
                      <voice>
                        <gco:CharacterString>61 7 3199 7699</gco:CharacterString>
                      </voice>
                    </CI_Telephone>
                  </phone>
                  <address>
                    <CI_Address>
                      <deliveryPoint>
                        <gco:CharacterString>Queensland Herbarium, Brisbane Botanic Gardens, Mt Coot-tha Road</gco:CharacterString>
                      </deliveryPoint>
                      <city>
                        <gco:CharacterString>TOOWONG</gco:CharacterString>
                      </city>
                      <administrativeArea>
                        <gco:CharacterString>QLD</gco:CharacterString>
                      </administrativeArea>
                      <postalCode>
                        <gco:CharacterString>4066</gco:CharacterString>
                      </postalCode>
                      <country>
                        <Country codeList="http://www.iso.org/iso/country_codes/iso_3166_code_lists.htm" codeListValue="AU" codeSpace="ISO3166-1">AU</Country>
                      </country>
                      <electronicMailAddress>
                        <gco:CharacterString>Queensland.Herbarium@des.qld.gov.au</gco:CharacterString>
                      </electronicMailAddress>
                    </CI_Address>
                  </address>
                  <hoursOfService>
                    <gco:CharacterString>9 - 5 MF</gco:CharacterString>
                  </hoursOfService>
                </CI_Contact>
              </contactInfo>
              <role>
                <CI_RoleCode codeList="http://www.isotc211.org/2005/resources/Codelist/gmxCodelists.xml#CI_RoleCode" codeListValue="principalInvestigator" codeSpace="ISOTC211/19115">principalInvestigator</CI_RoleCode>
              </role>
            </CI_ResponsibleParty>
          </citedResponsibleParty>
          <citedResponsibleParty>
            <CI_ResponsibleParty>
              <individualName>
                <gco:CharacterString>DES, Open Data</gco:CharacterString>
              </individualName>
              <organisationName>
                <gco:CharacterString>Queensland Herbarium, Department of Environment and Science</gco:CharacterString>
              </organisationName>
              <positionName>
                <gco:CharacterString>Principle Scientist</gco:CharacterString>
              </positionName>
              <contactInfo>
                <CI_Contact>
                  <phone>
                    <CI_Telephone>
                      <voice>
                        <gco:CharacterString>61 7 3199 7699</gco:CharacterString>
                      </voice>
                    </CI_Telephone>
                  </phone>
                  <address>
                    <CI_Address>
                      <deliveryPoint>
                        <gco:CharacterString>Queensland Herbarium, Brisbane Botanic Gardens, Mt Coot-tha Road</gco:CharacterString>
                      </deliveryPoint>
                      <city>
                        <gco:CharacterString>TOOWONG</gco:CharacterString>
                      </city>
                      <administrativeArea>
                        <gco:CharacterString>QLD</gco:CharacterString>
                      </administrativeArea>
                      <postalCode>
                        <gco:CharacterString>4066</gco:CharacterString>
                      </postalCode>
                      <country>
                        <Country codeList="http://www.iso.org/iso/country_codes/iso_3166_code_lists.htm" codeListValue="AU" codeSpace="ISO3166-1">AU</Country>
                      </country>
                      <electronicMailAddress>
                        <gco:CharacterString>opendata@des.qld.gov.au</gco:CharacterString>
                      </electronicMailAddress>
                    </CI_Address>
                  </address>
                  <hoursOfService>
                    <gco:CharacterString>9 am - 5 pm  M-F</gco:CharacterString>
                  </hoursOfService>
                </CI_Contact>
              </contactInfo>
              <role>
                <CI_RoleCode codeList="http://www.isotc211.org/2005/resources/Codelist/gmxCodelists.xml#CI_RoleCode" codeListValue="distributor" codeSpace="ISOTC211/19115">distributor</CI_RoleCode>
              </role>
            </CI_ResponsibleParty>
          </citedResponsibleParty>
          <presentationForm>
            <CI_PresentationFormCode codeList="http://www.isotc211.org/2005/resources/Codelist/gmxCodelists.xml#CI_PresentationFormCode" codeListValue="mapDigital" codeSpace="ISOTC211/19115">mapDigital</CI_PresentationFormCode>
          </presentationForm>
        </CI_Citation>
      </citation>
      <abstract>
        <gco:CharacterString>The mangrove mapping is based on mosaics of high resolution 2016 aerial photography (ecw format) and supported by field survey of 1997 mangrove mapping (Dowling and Stephens, 2001).</gco:CharacterString>
      </abstract>
      <purpose>
        <gco:CharacterString>The 2016 extent of mangrove and associated vegetation communities of Moreton Bay Area provides a baseline and historical information for assessment and monitoring.</gco:CharacterString>
      </purpose>
      <credit>
        <gco:CharacterString>© State of Queensland (Department of Environment and Science) 2019.</gco:CharacterString>
      </credit>
      <status>
        <MD_ProgressCode codeList="http://www.isotc211.org/2005/resources/Codelist/gmxCodelists.xml#MD_ProgressCode" codeListValue="onGoing" codeSpace="ISOTC211/19115">onGoing</MD_ProgressCode>
      </status>
      <pointOfContact>
        <CI_ResponsibleParty>
          <individualName>
            <gco:CharacterString>Dr Arnon Accad</gco:CharacterString>
          </individualName>
          <organisationName>
            <gco:CharacterString>Queensland Herbarium, Department of Environment and Science</gco:CharacterString>
          </organisationName>
          <positionName>
            <gco:CharacterString>Principle Scientist</gco:CharacterString>
          </positionName>
          <contactInfo>
            <CI_Contact>
              <phone>
                <CI_Telephone>
                  <voice>
                    <gco:CharacterString>61 7 3199 7699</gco:CharacterString>
                  </voice>
                </CI_Telephone>
              </phone>
              <address>
                <CI_Address>
                  <deliveryPoint>
                    <gco:CharacterString>Queensland Herbarium, Brisbane Botanic Gardens, Mt Coot-tha Road</gco:CharacterString>
                  </deliveryPoint>
                  <city>
                    <gco:CharacterString>TOOWONG</gco:CharacterString>
                  </city>
                  <administrativeArea>
                    <gco:CharacterString>QLD</gco:CharacterString>
                  </administrativeArea>
                  <postalCode>
                    <gco:CharacterString>4066</gco:CharacterString>
                  </postalCode>
                  <country>
                    <Country codeList="http://www.iso.org/iso/country_codes/iso_3166_code_lists.htm" codeListValue="AU" codeSpace="ISO3166-1">AU</Country>
                  </country>
                  <electronicMailAddress>
                    <gco:CharacterString>Queensland.Herbarium@des.qld.gov.au</gco:CharacterString>
                  </electronicMailAddress>
                </CI_Address>
              </address>
              <hoursOfService>
                <gco:CharacterString>9 am - 5 pm  M-F</gco:CharacterString>
              </hoursOfService>
            </CI_Contact>
          </contactInfo>
          <role>
            <CI_RoleCode codeList="http://www.isotc211.org/2005/resources/Codelist/gmxCodelists.xml#CI_RoleCode" codeListValue="originator" codeSpace="ISOTC211/19115">originator</CI_RoleCode>
          </role>
        </CI_ResponsibleParty>
      </pointOfContact>
      <resourceMaintenance>
        <MD_MaintenanceInformation>
          <maintenanceAndUpdateFrequency>
            <MD_MaintenanceFrequencyCode codeList="http://www.isotc211.org/2005/resources/Codelist/gmxCodelists.xml#MD_MaintenanceFrequencyCode" codeListValue="asNeeded" codeSpace="ISOTC211/19115">asNeeded</MD_MaintenanceFrequencyCode>
          </maintenanceAndUpdateFrequency>
          <updateScope>
            <MD_ScopeCode codeList="http://www.isotc211.org/2005/resources/Codelist/gmxCodelists.xml#MD_ScopeCode" codeListValue="dataset" codeSpace="ISOTC211/19115">dataset</MD_ScopeCode>
          </updateScope>
          <contact>
            <CI_ResponsibleParty>
              <individualName>
                <gco:CharacterString>Dale Richter</gco:CharacterString>
              </individualName>
              <organisationName>
                <gco:CharacterString>Queensland Herbarium, Department of Environment and Science</gco:CharacterString>
              </organisationName>
              <positionName>
                <gco:CharacterString>Senior Scientist</gco:CharacterString>
              </positionName>
              <contactInfo>
                <CI_Contact>
                  <phone>
                    <CI_Telephone>
                      <voice>
                        <gco:CharacterString>61 7 3199 7699</gco:CharacterString>
                      </voice>
                    </CI_Telephone>
                  </phone>
                  <address>
                    <CI_Address>
                      <deliveryPoint>
                        <gco:CharacterString>Queensland Herbarium, Brisbane Botanic Gardens, Mt Coot-tha Road</gco:CharacterString>
                      </deliveryPoint>
                      <city>
                        <gco:CharacterString>TOOWONG</gco:CharacterString>
                      </city>
                      <administrativeArea>
                        <gco:CharacterString>QLD</gco:CharacterString>
                      </administrativeArea>
                      <postalCode>
                        <gco:CharacterString>4066</gco:CharacterString>
                      </postalCode>
                      <country>
                        <Country codeList="http://www.iso.org/iso/country_codes/iso_3166_code_lists.htm" codeListValue="AU" codeSpace="ISO3166-1">AU</Country>
                      </country>
                      <electronicMailAddress>
                        <gco:CharacterString>Queensland.Herbarium@des.qld.gov.au</gco:CharacterString>
                      </electronicMailAddress>
                    </CI_Address>
                  </address>
                  <hoursOfService>
                    <gco:CharacterString>9 am - 5 pm  M-F</gco:CharacterString>
                  </hoursOfService>
                </CI_Contact>
              </contactInfo>
              <role>
                <CI_RoleCode codeList="http://www.isotc211.org/2005/resources/Codelist/gmxCodelists.xml#CI_RoleCode" codeListValue="pointOfContact" codeSpace="ISOTC211/19115">pointOfContact</CI_RoleCode>
              </role>
            </CI_ResponsibleParty>
          </contact>
        </MD_MaintenanceInformation>
      </resourceMaintenance>
      <descriptiveKeywords>
        <MD_Keywords>
          <keyword>
            <gco:CharacterString>QUEENSLAND</gco:CharacterString>
          </keyword>
          <keyword>
            <gco:CharacterString>SEQ</gco:CharacterString>
          </keyword>
          <type>
            <MD_KeywordTypeCode codeList="http://www.isotc211.org/2005/resources/Codelist/gmxCodelists.xml#MD_KeywordTypeCode" codeListValue="place" codeSpace="ISOTC211/19115">place</MD_KeywordTypeCode>
          </type>
        </MD_Keywords>
      </descriptiveKeywords>
      <descriptiveKeywords>
        <MD_Keywords>
          <keyword>
            <gco:CharacterString>ECOLOGY Community Surveys</gco:CharacterString>
          </keyword>
          <keyword>
            <gco:CharacterString>ECOLOGY Ecosystem Classification</gco:CharacterString>
          </keyword>
          <keyword>
            <gco:CharacterString>ECOLOGY Ecosystem Mapping</gco:CharacterString>
          </keyword>
          <keyword>
            <gco:CharacterString>ECOLOGY Ecosystem Biodiversity</gco:CharacterString>
          </keyword>
          <keyword>
            <gco:CharacterString>ECOLOGY Habitat</gco:CharacterString>
          </keyword>
          <keyword>
            <gco:CharacterString>FLORA Native</gco:CharacterString>
          </keyword>
          <keyword>
            <gco:CharacterString>FORESTS Natural</gco:CharacterString>
          </keyword>
          <keyword>
            <gco:CharacterString>VEGETATION Floristic</gco:CharacterString>
          </keyword>
          <keyword>
            <gco:CharacterString>VEGETATION Structural</gco:CharacterString>
          </keyword>
          <keyword>
            <gco:CharacterString>MARINE Estuaries</gco:CharacterString>
          </keyword>
          <type>
            <MD_KeywordTypeCode codeList="http://www.isotc211.org/2005/resources/Codelist/gmxCodelists.xml#MD_KeywordTypeCode" codeListValue="theme" codeSpace="ISOTC211/19115">theme</MD_KeywordTypeCode>
          </type>
          <thesaurusName>
            <CI_Citation>
              <title>
                <gco:CharacterString>ANZLIC Search Words</gco:CharacterString>
              </title>
              <date>
                <CI_Date>
                  <date>
                    <gco:Date>2014-01-01</gco:Date>
                  </date>
                  <dateType>
                    <CI_DateTypeCode codeList="http://www.isotc211.org/2005/resources/Codelist/gmxCodelists.xml#CI_DateTypeCode" codeListValue="creation" codeSpace="ISOTC211/19115">creation</CI_DateTypeCode>
                  </dateType>
                </CI_Date>
              </date>
              <date>
                <CI_Date>
                  <date>
                    <gco:Date>2019-04-11</gco:Date>
                  </date>
                  <dateType>
                    <CI_DateTypeCode codeList="http://www.isotc211.org/2005/resources/Codelist/gmxCodelists.xml#CI_DateTypeCode" codeListValue="publication" codeSpace="ISOTC211/19115">publication</CI_DateTypeCode>
                  </dateType>
                </CI_Date>
              </date>
              <edition>
                <gco:CharacterString>Version 2.0</gco:CharacterString>
              </edition>
              <editionDate>
                <gco:Date>2019-04-11</gco:Date>
              </editionDate>
            </CI_Citation>
          </thesaurusName>
        </MD_Keywords>
      </descriptiveKeywords>
      <descriptiveKeywords>
        <MD_Keywords>
          <keyword>
            <gco:CharacterString>Mangroves</gco:CharacterString>
          </keyword>
          <type>
            <MD_KeywordTypeCode codeList="http://www.isotc211.org/2005/resources/Codelist/gmxCodelists.xml#MD_KeywordTypeCode" codeListValue="theme" codeSpace="ISOTC211/19115">theme</MD_KeywordTypeCode>
          </type>
          <thesaurusName>
            <CI_Citation>
              <title>
                <gco:CharacterString>Common Search Terms</gco:CharacterString>
              </title>
              <date>
                <CI_Date>
                  <date>
                    <gco:Date>2014-01-01</gco:Date>
                  </date>
                  <dateType>
                    <CI_DateTypeCode codeList="http://www.isotc211.org/2005/resources/Codelist/gmxCodelists.xml#CI_DateTypeCode" codeListValue="creation" codeSpace="ISOTC211/19115">creation</CI_DateTypeCode>
                  </dateType>
                </CI_Date>
              </date>
              <date>
                <CI_Date>
                  <date>
                    <gco:Date>2019-04-11</gco:Date>
                  </date>
                  <dateType>
                    <CI_DateTypeCode codeList="http://www.isotc211.org/2005/resources/Codelist/gmxCodelists.xml#CI_DateTypeCode" codeListValue="publication" codeSpace="ISOTC211/19115">publication</CI_DateTypeCode>
                  </dateType>
                </CI_Date>
              </date>
              <edition>
                <gco:CharacterString>Version 2.0</gco:CharacterString>
              </edition>
              <editionDate>
                <gco:Date>2019-04-11</gco:Date>
              </editionDate>
            </CI_Citation>
          </thesaurusName>
        </MD_Keywords>
      </descriptiveKeywords>
      <descriptiveKeywords>
        <MD_Keywords>
          <keyword>
            <gco:CharacterString>Downloadable Data</gco:CharacterString>
          </keyword>
          <thesaurusName uuidref="723f6998-058e-11dc-8314-0800200c9a66" />
        </MD_Keywords>
      </descriptiveKeywords>
      <resourceConstraints>
        <MD_Constraints>
          <useLimitation>
            <gco:CharacterString>Line work reproduced at a scale greater than 1:2,000 should be used as a guide only.The State of Queensland (Department of Environment and Science) 2019. While every care is taken to ensure the accuracy of the Information Product, the Department of Environment and Science makes no representations or warranties about its accuracy, reliability, completeness or suitability for any particular purpose and disclaims all responsibility and all liability (including without limitation, liability in negligence) for all expenses, losses, damages (including indirect or consequential damage) and costs which you might incur as a result of the product being inaccurate or incomplete in any way and for any reason.</gco:CharacterString>
          </useLimitation>
        </MD_Constraints>
      </resourceConstraints>
      <resourceConstraints>
        <MD_LegalConstraints>
          <useLimitation>
            <gco:CharacterString>The State of Queensland (Department of Environment and Science)</gco:CharacterString>
          </useLimitation>
          <useConstraints>
            <MD_RestrictionCode codeList="http://www.isotc211.org/2005/resources/Codelist/gmxCodelists.xml#MD_RestrictionCode" codeListValue="intellectualPropertyRights" codeSpace="ISOTC211/19115">intellectualPropertyRights</MD_RestrictionCode>
          </useConstraints>
        </MD_LegalConstraints>
      </resourceConstraints>
      <resourceConstraints>
        <MD_LegalConstraints>
          <useLimitation>
            <gco:CharacterString>This material is licensed under a Creative Commons - Attribution 4.0 International licence.</gco:CharacterString>
          </useLimitation>
          <useConstraints>
            <MD_RestrictionCode codeList="http://www.isotc211.org/2005/resources/Codelist/gmxCodelists.xml#MD_RestrictionCode" codeListValue="license" codeSpace="ISOTC211/19115">license</MD_RestrictionCode>
          </useConstraints>
        </MD_LegalConstraints>
      </resourceConstraints>
      <resourceConstraints>
        <MD_SecurityConstraints>
          <classification>
            <MD_ClassificationCode codeList="http://www.isotc211.org/2005/resources/Codelist/gmxCodelists.xml#MD_ClassificationCode" codeListValue="unclassified" codeSpace="ISOTC211/19115">unclassified</MD_ClassificationCode>
          </classification>
          <userNote>
            <gco:CharacterString>Unrestricted to all levels of government and community:  Dataset is available to all government agencies, community groups and individuals.  Dataset is available through physical supply and may be made available via web delivery tools, for example, through DSITI internet sites.</gco:CharacterString>
          </userNote>
          <classificationSystem>
            <gco:CharacterString>ISO 19115 (mapped from Qld Govt Information Security Standard IS18)</gco:CharacterString>
          </classificationSystem>
        </MD_SecurityConstraints>
      </resourceConstraints>
      <aggregationInfo>
        <MD_AggregateInformation>
          <aggregateDataSetIdentifier>
            <MD_Identifier>
              <authority>
                <CI_Citation>
                  <title>
                    <gco:CharacterString>Spatial Information Resource (SIR) Feature Class</gco:CharacterString>
                  </title>
                  <date>
                    <CI_Date>
                      <date>
                        <gco:Date>2014-01-01</gco:Date>
                      </date>
                      <dateType>
                        <CI_DateTypeCode codeList="http://www.isotc211.org/2005/resources/Codelist/gmxCodelists.xml#CI_DateTypeCode" codeListValue="creation" codeSpace="ISOTC211/19115">creation</CI_DateTypeCode>
                      </dateType>
                    </CI_Date>
                  </date>
                  <date>
                    <CI_Date>
                      <date>
                        <gco:Date>2019-04-11</gco:Date>
                      </date>
                      <dateType>
                        <CI_DateTypeCode codeList="http://www.isotc211.org/2005/resources/Codelist/gmxCodelists.xml#CI_DateTypeCode" codeListValue="publication" codeSpace="ISOTC211/19115">publication</CI_DateTypeCode>
                      </dateType>
                    </CI_Date>
                  </date>
                  <edition>
                    <gco:CharacterString>Version 2.0</gco:CharacterString>
                  </edition>
                </CI_Citation>
              </authority>
              <code>
                <gco:CharacterString>HERB.SEQ_VEG_MANGROVE_2016</gco:CharacterString>
              </code>
            </MD_Identifier>
          </aggregateDataSetIdentifier>
          <associationType>
            <DS_AssociationTypeCode codeList="http://www.isotc211.org/2005/resources/Codelist/gmxCodelists.xml#DS_AssociationTypeCode" codeListValue="source" codeSpace="ISOTC211/19115">source</DS_AssociationTypeCode>
          </associationType>
        </MD_AggregateInformation>
      </aggregationInfo>
      <spatialRepresentationType>
        <MD_SpatialRepresentationTypeCode codeList="http://www.isotc211.org/2005/resources/Codelist/gmxCodelists.xml#MD_SpatialRepresentationTypeCode" codeListValue="vector" codeSpace="ISOTC211/19115">vector</MD_SpatialRepresentationTypeCode>
      </spatialRepresentationType>
      <language>
        <LanguageCode codeList="http://www.loc.gov/standards/iso639-2/php/code_list.php" codeListValue="eng" codeSpace="ISO639-2">eng</LanguageCode>
      </language>
      <characterSet>
        <MD_CharacterSetCode codeList="http://www.isotc211.org/2005/resources/Codelist/gmxCodelists.xml#MD_CharacterSetCode" codeListValue="utf8" codeSpace="ISOTC211/19115">utf8</MD_CharacterSetCode>
      </characterSet>
      <topicCategory>
        <MD_TopicCategoryCode>biota</MD_TopicCategoryCode>
      </topicCategory>
      <topicCategory>
        <MD_TopicCategoryCode>environment</MD_TopicCategoryCode>
      </topicCategory>
      <environmentDescription>
        <gco:CharacterString> Version 6.2 (Build 9200) ; Esri ArcGIS 10.6.1.9273</gco:CharacterString>
      </environmentDescription>
      <extent>
        <EX_Extent>
          <description>
            <gco:CharacterString> Moreton Bay Area of Southeast Queensland</gco:CharacterString>
          </description>
          <geographicElement>
            <EX_GeographicBoundingBox>
              <extentTypeCode>
                <gco:Boolean>true</gco:Boolean>
              </extentTypeCode>
              <westBoundLongitude>
                <gco:Decimal>152.979792</gco:Decimal>
              </westBoundLongitude>
              <eastBoundLongitude>
                <gco:Decimal>153.570708</gco:Decimal>
              </eastBoundLongitude>
              <southBoundLatitude>
                <gco:Decimal>-28.008425</gco:Decimal>
              </southBoundLatitude>
              <northBoundLatitude>
                <gco:Decimal>-26.796313</gco:Decimal>
              </northBoundLatitude>
            </EX_GeographicBoundingBox>
          </geographicElement>
        </EX_Extent>
      </extent>
      <supplementalInformation>
        <gco:CharacterString>Mangrove and associated vegetation communities mapping over the Moreton Bay Area of Southeast Queensland is produced at a scale of 1:2,000 and accuracy of 20 metres.</gco:CharacterString>
      </supplementalInformation>
    </MD_DataIdentification>
  </identificationInfo>
  <distributionInfo>
    <MD_Distribution>
      <distributionFormat>
        <MD_Format>
          <name>
            <gco:CharacterString>SDE Feature Class</gco:CharacterString>
          </name>
          <version>
            <gco:CharacterString>10</gco:CharacterString>
          </version>
        </MD_Format>
      </distributionFormat>
    </MD_Distribution>
  </distributionInfo>
  <dataQualityInfo>
    <DQ_DataQuality>
      <scope>
        <DQ_Scope>
          <level>
            <MD_ScopeCode codeList="http://www.isotc211.org/2005/resources/Codelist/gmxCodelists.xml#MD_ScopeCode" codeListValue="dataset" codeSpace="ISOTC211/19115">dataset</MD_ScopeCode>
          </level>
        </DQ_Scope>
      </scope>
      <report>
        <DQ_CompletenessOmission>
          <measureDescription>
            <gco:CharacterString>Complete. Mangrove and associated communities of Moreton Bay area.</gco:CharacterString>
          </measureDescription>
          <result>
            <DQ_ConformanceResult>
              <specification>
                <CI_Citation>
                  <title>
                    <gco:CharacterString>Queensland Herbarium, Department of Environment and Science data capture process   </gco:CharacterString>
                  </title>
                  <date>
                    <CI_Date>
                      <date>
                        <gco:Date>2014-01-01</gco:Date>
                      </date>
                      <dateType>
                        <CI_DateTypeCode codeList="http://www.isotc211.org/2005/resources/Codelist/gmxCodelists.xml#CI_DateTypeCode" codeListValue="creation" codeSpace="ISOTC211/19115">creation</CI_DateTypeCode>
                      </dateType>
                    </CI_Date>
                  </date>
                  <date>
                    <CI_Date>
                      <date>
                        <gco:Date>2019-04-11</gco:Date>
                      </date>
                      <dateType>
                        <CI_DateTypeCode codeList="http://www.isotc211.org/2005/resources/Codelist/gmxCodelists.xml#CI_DateTypeCode" codeListValue="publication" codeSpace="ISOTC211/19115">publication</CI_DateTypeCode>
                      </dateType>
                    </CI_Date>
                  </date>
                  <edition>
                    <gco:CharacterString>Version 2.0</gco:CharacterString>
                  </edition>
                  <editionDate>
                    <gco:Date>2019-04-11</gco:Date>
                  </editionDate>
                </CI_Citation>
              </specification>
              <explanation>
                <gco:CharacterString>The data is to a standard determined as fit for the purpose for which it was collected.
</gco:CharacterString>
              </explanation>
              <pass>
                <gco:Boolean>true</gco:Boolean>
              </pass>
            </DQ_ConformanceResult>
          </result>
        </DQ_CompletenessOmission>
      </report>
      <report>
        <DQ_ConceptualConsistency>
          <measureDescription>
            <gco:CharacterString>All layers are presented as clean datasets with no overlapping polygons or any dangles.</gco:CharacterString>
          </measureDescription>
          <result>
            <DQ_ConformanceResult>
              <specification>
                <CI_Citation>
                  <title>
                    <gco:CharacterString>Queensland Herbarium, Department of Environment and Science data capture process   </gco:CharacterString>
                  </title>
                  <date>
                    <CI_Date>
                      <date>
                        <gco:Date>2014-01-01</gco:Date>
                      </date>
                      <dateType>
                        <CI_DateTypeCode codeList="http://www.isotc211.org/2005/resources/Codelist/gmxCodelists.xml#CI_DateTypeCode" codeListValue="creation" codeSpace="ISOTC211/19115">creation</CI_DateTypeCode>
                      </dateType>
                    </CI_Date>
                  </date>
                  <date>
                    <CI_Date>
                      <date>
                        <gco:Date>2019-04-11</gco:Date>
                      </date>
                      <dateType>
                        <CI_DateTypeCode codeList="http://www.isotc211.org/2005/resources/Codelist/gmxCodelists.xml#CI_DateTypeCode" codeListValue="publication" codeSpace="ISOTC211/19115">publication</CI_DateTypeCode>
                      </dateType>
                    </CI_Date>
                  </date>
                  <edition>
                    <gco:CharacterString>Version 2.0</gco:CharacterString>
                  </edition>
                  <editionDate>
                    <gco:Date>2019-04-11</gco:Date>
                  </editionDate>
                </CI_Citation>
              </specification>
              <explanation>
                <gco:CharacterString>The data is to a standard determined as fit for the purpose for which it was collected.</gco:CharacterString>
              </explanation>
              <pass>
                <gco:Boolean>true</gco:Boolean>
              </pass>
            </DQ_ConformanceResult>
          </result>
        </DQ_ConceptualConsistency>
      </report>
      <report>
        <DQ_AbsoluteExternalPositionalAccuracy>
          <measureDescription>
            <gco:CharacterString>The scale of mapping is about 1:2,000 or better with line accuracy of 20m +- 10m or better.</gco:CharacterString>
          </measureDescription>
          <result>
            <DQ_ConformanceResult>
              <specification>
                <CI_Citation>
                  <title>
                    <gco:CharacterString>Queensland Herbarium, Department of Environment and Science data capture process   </gco:CharacterString>
                  </title>
                  <date>
                    <CI_Date>
                      <date>
                        <gco:Date>2014-01-01</gco:Date>
                      </date>
                      <dateType>
                        <CI_DateTypeCode codeList="http://www.isotc211.org/2005/resources/Codelist/gmxCodelists.xml#CI_DateTypeCode" codeListValue="creation" codeSpace="ISOTC211/19115">creation</CI_DateTypeCode>
                      </dateType>
                    </CI_Date>
                  </date>
                  <date>
                    <CI_Date>
                      <date>
                        <gco:Date>2019-04-11</gco:Date>
                      </date>
                      <dateType>
                        <CI_DateTypeCode codeList="http://www.isotc211.org/2005/resources/Codelist/gmxCodelists.xml#CI_DateTypeCode" codeListValue="publication" codeSpace="ISOTC211/19115">publication</CI_DateTypeCode>
                      </dateType>
                    </CI_Date>
                  </date>
                  <edition>
                    <gco:CharacterString>Version 2.0</gco:CharacterString>
                  </edition>
                  <editionDate>
                    <gco:Date>2019-04-11</gco:Date>
                  </editionDate>
                </CI_Citation>
              </specification>
              <explanation>
                <gco:CharacterString>The data is to a standard determined as fit for the purpose for which it was collected.</gco:CharacterString>
              </explanation>
              <pass>
                <gco:Boolean>true</gco:Boolean>
              </pass>
            </DQ_ConformanceResult>
          </result>
        </DQ_AbsoluteExternalPositionalAccuracy>
      </report>
      <report>
        <DQ_QuantitativeAttributeAccuracy>
          <measureDescription>
            <gco:CharacterString>The attribution of the older imagery was guided by the more recent high resolution imagery. Accuracy assessment of this historical mapping was conducted using 600 in stratified random sample points and on screen assessment across each of the years at these locations. At all years an accuracy of 85% or better was achieved.</gco:CharacterString>
          </measureDescription>
          <result>
            <DQ_ConformanceResult>
              <specification>
                <CI_Citation>
                  <title>
                    <gco:CharacterString>Queensland Herbarium, Department of Environment and Science data capture process   </gco:CharacterString>
                  </title>
                  <date>
                    <CI_Date>
                      <date>
                        <gco:Date>2014-01-01</gco:Date>
                      </date>
                      <dateType>
                        <CI_DateTypeCode codeList="http://www.isotc211.org/2005/resources/Codelist/gmxCodelists.xml#CI_DateTypeCode" codeListValue="creation" codeSpace="ISOTC211/19115">creation</CI_DateTypeCode>
                      </dateType>
                    </CI_Date>
                  </date>
                  <date>
                    <CI_Date>
                      <date>
                        <gco:Date>2019-04-11</gco:Date>
                      </date>
                      <dateType>
                        <CI_DateTypeCode codeList="http://www.isotc211.org/2005/resources/Codelist/gmxCodelists.xml#CI_DateTypeCode" codeListValue="publication" codeSpace="ISOTC211/19115">publication</CI_DateTypeCode>
                      </dateType>
                    </CI_Date>
                  </date>
                  <edition>
                    <gco:CharacterString>Version 2.0</gco:CharacterString>
                  </edition>
                  <editionDate>
                    <gco:Date>2019-04-11</gco:Date>
                  </editionDate>
                </CI_Citation>
              </specification>
              <explanation>
                <gco:CharacterString>The data is to a standard determined as fit for the purpose for which it was collected.</gco:CharacterString>
              </explanation>
              <pass>
                <gco:Boolean>true</gco:Boolean>
              </pass>
            </DQ_ConformanceResult>
          </result>
        </DQ_QuantitativeAttributeAccuracy>
      </report>
      <report>
        <DQ_NonQuantitativeAttributeAccuracy>
          <measureDescription>
            <gco:CharacterString>Saltmarsh communities which include Samphire, clay pan and marine couch communities in most polygon have been represented as heterogynous polygons. This to illustrate the difficulty of assessing the earlier imagery as well as reflecting the dynamic of these communities.</gco:CharacterString>
          </measureDescription>
          <result>
            <DQ_ConformanceResult>
              <specification>
                <CI_Citation>
                  <title>
                    <gco:CharacterString>Queensland Herbarium, Department of Environment and Science data capture process   </gco:CharacterString>
                  </title>
                  <date>
                    <CI_Date>
                      <date>
                        <gco:Date>2014-01-01</gco:Date>
                      </date>
                      <dateType>
                        <CI_DateTypeCode codeList="http://www.isotc211.org/2005/resources/Codelist/gmxCodelists.xml#CI_DateTypeCode" codeListValue="creation" codeSpace="ISOTC211/19115">creation</CI_DateTypeCode>
                      </dateType>
                    </CI_Date>
                  </date>
                  <date>
                    <CI_Date>
                      <date>
                        <gco:Date>2019-04-11</gco:Date>
                      </date>
                      <dateType>
                        <CI_DateTypeCode codeList="http://www.isotc211.org/2005/resources/Codelist/gmxCodelists.xml#CI_DateTypeCode" codeListValue="publication" codeSpace="ISOTC211/19115">publication</CI_DateTypeCode>
                      </dateType>
                    </CI_Date>
                  </date>
                  <edition>
                    <gco:CharacterString>Version 2.0</gco:CharacterString>
                  </edition>
                  <editionDate>
                    <gco:Date>2019-04-11</gco:Date>
                  </editionDate>
                </CI_Citation>
              </specification>
              <explanation>
                <gco:CharacterString>The data is to a standard determined as fit for the purpose for which it was collected.</gco:CharacterString>
              </explanation>
              <pass>
                <gco:Boolean>true</gco:Boolean>
              </pass>
            </DQ_ConformanceResult>
          </result>
        </DQ_NonQuantitativeAttributeAccuracy>
      </report>
      <lineage>
        <LI_Lineage>
          <statement>
            <gco:CharacterString>N/A</gco:CharacterString>
          </statement>
          <processStep>
            <LI_ProcessStep>
              <description>
                <gco:CharacterString>Mapping of mangrove and associated vegetation communities is based on the interpretation of landscape as depicted on aerial photos and ground truthed on a limited sample of known points. The Queensland Herbarium uses the mosaics of high resolution (0.1 metre ground surface resolution) color 2016 aerial photography (ecw format) as the best available imagery for mapping mangrove and associated vegetation communities. Vegetation boundaries are digitised on computer screen to orthophotos baseline. Field survey provided partial verification of boundaries.</gco:CharacterString>
              </description>
              <rationale>
                <gco:CharacterString>All polygons visually checked at 1:2,000 scale and by topological consistency checks. </gco:CharacterString>
              </rationale>
            </LI_ProcessStep>
          </processStep>
          <source>
            <LI_Source>
              <description>
                <gco:CharacterString>General Source Data: mosaics of high resolution (0.1 metre ground surface resolution) color 2016 aerial photography (ecw format), geology, soils, and land systems data, topographic maps, field survey, existing field site data and existing mapped data (digital and hard-copy).</gco:CharacterString>
              </description>
            </LI_Source>
          </source>
        </LI_Lineage>
      </lineage>
    </DQ_DataQuality>
  </dataQualityInfo>
  <metadataMaintenance>
    <MD_MaintenanceInformation>
      <maintenanceAndUpdateFrequency>
        <MD_MaintenanceFrequencyCode codeList="http://www.isotc211.org/2005/resources/Codelist/gmxCodelists.xml#MD_MaintenanceFrequencyCode" codeListValue="asNeeded" codeSpace="ISOTC211/19115">asNeeded</MD_MaintenanceFrequencyCode>
      </maintenanceAndUpdateFrequency>
    </MD_MaintenanceInformation>
  </metadataMaintenance>
</MD_Metadata>