﻿<MD_Metadata xmlns="http://www.isotc211.org/2005/gmd" xmlns:gco="http://www.isotc211.org/2005/gco" xmlns:gts="http://www.isotc211.org/2005/gts" xmlns:srv="http://www.isotc211.org/2005/srv" xmlns:gml="http://www.opengis.net/gml" xmlns:xlink="http://www.w3.org/1999/xlink" xmlns:xsi="http://www.w3.org/2001/XMLSchema-instance">
  <fileIdentifier>
    <gco:CharacterString>FE675059-D1CE-41E0-9F5F-B447AE7CE967</gco:CharacterString>
  </fileIdentifier>
  <language>
    <LanguageCode codeList="http://www.loc.gov/standards/iso639-2/php/code_list.php" codeListValue="eng" codeSpace="ISO639-2">eng</LanguageCode>
  </language>
  <characterSet>
    <MD_CharacterSetCode codeList="http://www.isotc211.org/2005/resources/Codelist/gmxCodelists.xml#MD_CharacterSetCode" codeListValue="utf8" codeSpace="ISOTC211/19115">utf8</MD_CharacterSetCode>
  </characterSet>
  <hierarchyLevel>
    <MD_ScopeCode codeList="http://www.isotc211.org/2005/resources/Codelist/gmxCodelists.xml#MD_ScopeCode" codeListValue="dataset" codeSpace="ISOTC211/19115">dataset</MD_ScopeCode>
  </hierarchyLevel>
  <hierarchyLevelName>
    <gco:CharacterString>dataset</gco:CharacterString>
  </hierarchyLevelName>
  <contact gco:nilReason="missing" />
  <dateStamp>
    <gco:Date>2017-08-03</gco:Date>
  </dateStamp>
  <metadataStandardName>
    <gco:CharacterString>ISO 19139 Geographic Information - Metadata - Implementation Specification</gco:CharacterString>
  </metadataStandardName>
  <metadataStandardVersion>
    <gco:CharacterString>2007</gco:CharacterString>
  </metadataStandardVersion>
  <spatialRepresentationInfo>
    <MD_VectorSpatialRepresentation>
      <topologyLevel>
        <MD_TopologyLevelCode codeList="http://www.isotc211.org/2005/resources/Codelist/gmxCodelists.xml#MD_TopologyLevelCode" codeListValue="geometryOnly" codeSpace="ISOTC211/19115">geometryOnly</MD_TopologyLevelCode>
      </topologyLevel>
      <geometricObjects>
        <MD_GeometricObjects>
          <geometricObjectType>
            <MD_GeometricObjectTypeCode codeList="http://www.isotc211.org/2005/resources/Codelist/gmxCodelists.xml#MD_GeometricObjectTypeCode" codeListValue="composite" codeSpace="ISOTC211/19115">composite</MD_GeometricObjectTypeCode>
          </geometricObjectType>
          <geometricObjectCount>
            <gco:Integer>34813</gco:Integer>
          </geometricObjectCount>
        </MD_GeometricObjects>
      </geometricObjects>
    </MD_VectorSpatialRepresentation>
  </spatialRepresentationInfo>
  <referenceSystemInfo>
    <MD_ReferenceSystem>
      <referenceSystemIdentifier>
        <RS_Identifier>
          <code>
            <gco:CharacterString>28356</gco:CharacterString>
          </code>
          <codeSpace>
            <gco:CharacterString>EPSG</gco:CharacterString>
          </codeSpace>
          <version>
            <gco:CharacterString>2.1(3.0.1)</gco:CharacterString>
          </version>
        </RS_Identifier>
      </referenceSystemIdentifier>
    </MD_ReferenceSystem>
  </referenceSystemInfo>
  <identificationInfo>
    <MD_DataIdentification>
      <citation>
        <CI_Citation>
          <title>
            <gco:CharacterString>RSC.SEQ_BUSHLAND_2012</gco:CharacterString>
          </title>
          <date gco:nilReason="missing" />
          <presentationForm>
            <CI_PresentationFormCode codeList="http://www.isotc211.org/2005/resources/Codelist/gmxCodelists.xml#CI_PresentationFormCode" codeListValue="mapDigital" codeSpace="ISOTC211/19115">mapDigital</CI_PresentationFormCode>
          </presentationForm>
        </CI_Citation>
      </citation>
      <abstract>
        <gco:CharacterString>The dataset was created based on a classification of SPOT 5, 10m multispectral imagery for 2012. Bushland extent was classified for 10 local government areas: Sunshine Coast Regional, Moreton Bay Regional, Brisbane City, Ipswich City, Logan City, Redland City, Gold Coast City, Somerset Regional, Lockyer Valley Regional and Scenic Rim Regional. The bushland extent classification was completed using an object based segmentation of the SPOT 5 images, classified to bushland using a random forests classifier. For the purpose of mapping bushland extent in 2012, we have defined bushland as areas of forest with a foliage projective cover (FPC) greater than 10% (20% canopy cover) and tree height of greater than 2 metres. The automatic classification was manually edited to remove obvious mis-classifications. In addition areas of mangroves and saltpans were removed using the Queensland Regional Ecosystems, Broad Vegetation Groups 1:1,000,000 descriptions 35a and 35b respectively. Plantations, orchards and horticulture were removed using the Queensland Landuse Mapping Program (QLUMP) dataset as at October 2013. The QLUMP codes excluded from the bushland extent were: 3.1.0; 3.1.2; 3.4.0; 3.4.1; 3.4.2; 3.4.3; 3.4.4; 3.4.5; 3.4.6; 3.4.7; 3.4.8; 3.4.9; 3.5.0; 3.5.1; 3.5.2; 3.5.3; 3.5.4. In addition, areas less than 0.5 hectares in size were removed from the classification. Overall mapping accuracy for the final dataset (all_seq_bushland_final_09122013.shp) is 90.3% with a Kappa Value of 77.2. Producer's accuracy is 91.8% and User's accuracy is 91.5%.A full report is available on the methodology used to create the dataset: Muir, J., Tindall, D., and Armston, J. (2013) South East Queensland Bushland Extent Mapping: Final Report. Department of Science, Information Technology and the Arts, Brisbane.</gco:CharacterString>
      </abstract>
      <purpose>
        <gco:CharacterString>This dataset shows the extent of bushland in South East Queensland in 2012.</gco:CharacterString>
      </purpose>
      <credit>
        <gco:CharacterString>Department of Science, Information Technology, Innovation and the Arts, Science Delivery, Remote Sensing Centre.</gco:CharacterString>
      </credit>
      <descriptiveKeywords>
        <MD_Keywords>
          <keyword>
            <gco:CharacterString>Downloadable Data</gco:CharacterString>
          </keyword>
          <thesaurusName uuidref="723f6998-058e-11dc-8314-0800200c9a66" />
        </MD_Keywords>
      </descriptiveKeywords>
      <descriptiveKeywords>
        <MD_Keywords>
          <keyword>
            <gco:CharacterString>Bushland</gco:CharacterString>
          </keyword>
          <keyword>
            <gco:CharacterString>Vegetation</gco:CharacterString>
          </keyword>
          <keyword>
            <gco:CharacterString>Forest</gco:CharacterString>
          </keyword>
          <keyword>
            <gco:CharacterString>SPOT 5</gco:CharacterString>
          </keyword>
        </MD_Keywords>
      </descriptiveKeywords>
      <spatialRepresentationType>
        <MD_SpatialRepresentationTypeCode codeList="http://www.isotc211.org/2005/resources/Codelist/gmxCodelists.xml#MD_SpatialRepresentationTypeCode" codeListValue="vector" codeSpace="ISOTC211/19115">vector</MD_SpatialRepresentationTypeCode>
      </spatialRepresentationType>
      <language>
        <LanguageCode codeList="http://www.loc.gov/standards/iso639-2/php/code_list.php" codeListValue="eng" codeSpace="ISO639-2">eng</LanguageCode>
      </language>
      <characterSet>
        <MD_CharacterSetCode codeList="http://www.isotc211.org/2005/resources/Codelist/gmxCodelists.xml#MD_CharacterSetCode" codeListValue="utf8" codeSpace="ISOTC211/19115">utf8</MD_CharacterSetCode>
      </characterSet>
      <environmentDescription>
        <gco:CharacterString>Microsoft Windows 7 Version 6.1 (Build 7601) Service Pack 1; Esri ArcGIS 10.4.1.5686</gco:CharacterString>
      </environmentDescription>
      <extent>
        <EX_Extent>
          <geographicElement>
            <EX_GeographicBoundingBox>
              <extentTypeCode>
                <gco:Boolean>true</gco:Boolean>
              </extentTypeCode>
              <westBoundLongitude>
                <gco:Decimal>151.935324</gco:Decimal>
              </westBoundLongitude>
              <eastBoundLongitude>
                <gco:Decimal>153.547034</gco:Decimal>
              </eastBoundLongitude>
              <southBoundLatitude>
                <gco:Decimal>-28.364055</gco:Decimal>
              </southBoundLatitude>
              <northBoundLatitude>
                <gco:Decimal>-26.133363</gco:Decimal>
              </northBoundLatitude>
            </EX_GeographicBoundingBox>
          </geographicElement>
        </EX_Extent>
      </extent>
    </MD_DataIdentification>
  </identificationInfo>
  <distributionInfo>
    <MD_Distribution>
      <distributionFormat>
        <MD_Format>
          <name>
            <gco:CharacterString>SDE Feature Class</gco:CharacterString>
          </name>
          <version gco:nilReason="missing" />
        </MD_Format>
      </distributionFormat>
    </MD_Distribution>
  </distributionInfo>
</MD_Metadata>