﻿<MD_Metadata xmlns="http://www.isotc211.org/2005/gmd" xmlns:gco="http://www.isotc211.org/2005/gco" xmlns:gts="http://www.isotc211.org/2005/gts" xmlns:srv="http://www.isotc211.org/2005/srv" xmlns:gml="http://www.opengis.net/gml" xmlns:xlink="http://www.w3.org/1999/xlink" xmlns:xsi="http://www.w3.org/2001/XMLSchema-instance">
  <language>
    <LanguageCode codeList="http://www.loc.gov/standards/iso639-2/php/code_list.php" codeListValue="eng" codeSpace="ISO639-2">eng</LanguageCode>
  </language>
  <characterSet>
    <MD_CharacterSetCode codeList="http://www.isotc211.org/2005/resources/Codelist/gmxCodelists.xml#MD_CharacterSetCode" codeListValue="utf8" codeSpace="ISOTC211/19115">utf8</MD_CharacterSetCode>
  </characterSet>
  <parentIdentifier>
    <gco:CharacterString>{4AA63701-2A04-48D3-9FFF-03D5AC6233E6}</gco:CharacterString>
  </parentIdentifier>
  <hierarchyLevel>
    <MD_ScopeCode codeList="http://www.isotc211.org/2005/resources/Codelist/gmxCodelists.xml#MD_ScopeCode" codeListValue="dataset" codeSpace="ISOTC211/19115">dataset</MD_ScopeCode>
  </hierarchyLevel>
  <hierarchyLevelName>
    <gco:CharacterString>dataset</gco:CharacterString>
  </hierarchyLevelName>
  <contact>
    <CI_ResponsibleParty>
      <individualName>
        <gco:CharacterString>DSITI, Lisa Collett</gco:CharacterString>
      </individualName>
      <organisationName>
        <gco:CharacterString>Department of Science, Information Technology and Innovation</gco:CharacterString>
      </organisationName>
      <positionName>
        <gco:CharacterString>Senior Scientist, Remote Sensing Centre</gco:CharacterString>
      </positionName>
      <contactInfo>
        <CI_Contact>
          <phone>
            <CI_Telephone>
              <voice>
                <gco:CharacterString>(07) 3170 5673</gco:CharacterString>
              </voice>
            </CI_Telephone>
          </phone>
          <address>
            <CI_Address>
              <electronicMailAddress>
                <gco:CharacterString>lisa.collett@dsiti.qld.gov.au</gco:CharacterString>
              </electronicMailAddress>
            </CI_Address>
          </address>
        </CI_Contact>
      </contactInfo>
      <role>
        <CI_RoleCode codeList="http://www.isotc211.org/2005/resources/Codelist/gmxCodelists.xml#CI_RoleCode" codeListValue="pointOfContact" codeSpace="ISOTC211/19115">pointOfContact</CI_RoleCode>
      </role>
    </CI_ResponsibleParty>
  </contact>
  <dateStamp>
    <gco:Date>2017-12-07</gco:Date>
  </dateStamp>
  <metadataStandardName>
    <gco:CharacterString>ISO 19139 Geographic Information - Metadata - Implementation Specification</gco:CharacterString>
  </metadataStandardName>
  <metadataStandardVersion>
    <gco:CharacterString>2007</gco:CharacterString>
  </metadataStandardVersion>
  <locale>
    <PT_Locale>
      <languageCode>
        <LanguageCode codeList="http://www.loc.gov/standards/iso639-2/php/code_list.php" codeListValue="eng" codeSpace="ISO639-2">eng</LanguageCode>
      </languageCode>
      <country>
        <Country codeList="http://www.iso.org/iso/country_codes/iso_3166_code_lists.htm" codeListValue="AU" codeSpace="ISO3166-1">AU</Country>
      </country>
      <characterEncoding>
        <MD_CharacterSetCode codeList="http://www.isotc211.org/2005/resources/Codelist/gmxCodelists.xml#MD_CharacterSetCode" codeListValue="utf8" codeSpace="ISOTC211/19115">utf8</MD_CharacterSetCode>
      </characterEncoding>
    </PT_Locale>
  </locale>
  <spatialRepresentationInfo>
    <MD_VectorSpatialRepresentation>
      <topologyLevel>
        <MD_TopologyLevelCode codeList="http://www.isotc211.org/2005/resources/Codelist/gmxCodelists.xml#MD_TopologyLevelCode" codeListValue="geometryOnly" codeSpace="ISOTC211/19115">geometryOnly</MD_TopologyLevelCode>
      </topologyLevel>
      <geometricObjects>
        <MD_GeometricObjects>
          <geometricObjectType>
            <MD_GeometricObjectTypeCode codeList="http://www.isotc211.org/2005/resources/Codelist/gmxCodelists.xml#MD_GeometricObjectTypeCode" codeListValue="composite" codeSpace="ISOTC211/19115">composite</MD_GeometricObjectTypeCode>
          </geometricObjectType>
          <geometricObjectCount>
            <gco:Integer>289153</gco:Integer>
          </geometricObjectCount>
        </MD_GeometricObjects>
      </geometricObjects>
    </MD_VectorSpatialRepresentation>
  </spatialRepresentationInfo>
  <referenceSystemInfo>
    <MD_ReferenceSystem>
      <referenceSystemIdentifier>
        <RS_Identifier>
          <code>
            <gco:CharacterString>EPSG: 3577 (Aust. Albers Equal Area Projection)</gco:CharacterString>
          </code>
          <codeSpace>
            <gco:CharacterString>EPSG</gco:CharacterString>
          </codeSpace>
          <version>
            <gco:CharacterString>6.12(9.3.0.0)</gco:CharacterString>
          </version>
        </RS_Identifier>
      </referenceSystemIdentifier>
    </MD_ReferenceSystem>
  </referenceSystemInfo>
  <identificationInfo>
    <MD_DataIdentification>
      <citation>
        <CI_Citation>
          <title>
            <gco:CharacterString>RSC.QLD_LANDSAT_FIRE_SCARS_1987_X</gco:CharacterString>
          </title>
          <alternateTitle>
            <gco:CharacterString>Landsat fire scars 1987</gco:CharacterString>
          </alternateTitle>
          <date>
            <CI_Date>
              <date>
                <gco:Date>2013-11-14</gco:Date>
              </date>
              <dateType>
                <CI_DateTypeCode codeList="http://www.isotc211.org/2005/resources/Codelist/gmxCodelists.xml#CI_DateTypeCode" codeListValue="publication" codeSpace="ISOTC211/19115">publication</CI_DateTypeCode>
              </dateType>
            </CI_Date>
          </date>
          <citedResponsibleParty>
            <CI_ResponsibleParty>
              <individualName>
                <gco:CharacterString>DSITI, Lisa Collett</gco:CharacterString>
              </individualName>
              <organisationName>
                <gco:CharacterString>Department of Science, Information Technology and Innovation</gco:CharacterString>
              </organisationName>
              <positionName>
                <gco:CharacterString>Senior Scientist, Remote Sensing Centre</gco:CharacterString>
              </positionName>
              <contactInfo>
                <CI_Contact>
                  <phone>
                    <CI_Telephone>
                      <voice>
                        <gco:CharacterString>(07) 3170 5673</gco:CharacterString>
                      </voice>
                    </CI_Telephone>
                  </phone>
                  <address>
                    <CI_Address>
                      <electronicMailAddress>
                        <gco:CharacterString>lisa.collett@dsiti.qld.gov.au</gco:CharacterString>
                      </electronicMailAddress>
                    </CI_Address>
                  </address>
                </CI_Contact>
              </contactInfo>
              <role>
                <CI_RoleCode codeList="http://www.isotc211.org/2005/resources/Codelist/gmxCodelists.xml#CI_RoleCode" codeListValue="pointOfContact" codeSpace="ISOTC211/19115">pointOfContact</CI_RoleCode>
              </role>
            </CI_ResponsibleParty>
          </citedResponsibleParty>
          <citedResponsibleParty>
            <CI_ResponsibleParty>
              <individualName>
                <gco:CharacterString>DSITI, Dan Tindall</gco:CharacterString>
              </individualName>
              <organisationName>
                <gco:CharacterString>Department of Science, Information Technology and Innovation</gco:CharacterString>
              </organisationName>
              <positionName>
                <gco:CharacterString>Principal Scientist, Remote Sensing Centre</gco:CharacterString>
              </positionName>
              <contactInfo>
                <CI_Contact>
                  <phone>
                    <CI_Telephone>
                      <voice>
                        <gco:CharacterString>(07) 3170 5688</gco:CharacterString>
                      </voice>
                    </CI_Telephone>
                  </phone>
                  <address>
                    <CI_Address>
                      <country>
                        <Country codeList="http://www.iso.org/iso/country_codes/iso_3166_code_lists.htm" codeListValue="AU" codeSpace="ISO3166-1">AU</Country>
                      </country>
                      <electronicMailAddress>
                        <gco:CharacterString>dan.tindall@dsiti.qld.gov.au</gco:CharacterString>
                      </electronicMailAddress>
                    </CI_Address>
                  </address>
                  <onlineResource>
                    <CI_OnlineResource>
                      <linkage>
                        <URL>http://www.qld.gov.au/environment/land/vegetation/mapping/firescar/</URL>
                      </linkage>
                    </CI_OnlineResource>
                  </onlineResource>
                </CI_Contact>
              </contactInfo>
              <role>
                <CI_RoleCode codeList="http://www.isotc211.org/2005/resources/Codelist/gmxCodelists.xml#CI_RoleCode" codeListValue="originator" codeSpace="ISOTC211/19115">originator</CI_RoleCode>
              </role>
            </CI_ResponsibleParty>
          </citedResponsibleParty>
          <citedResponsibleParty>
            <CI_ResponsibleParty>
              <individualName>
                <gco:CharacterString>DSITI, Dan Tindall</gco:CharacterString>
              </individualName>
              <organisationName>
                <gco:CharacterString>Department of Science, Information Technology and Innovation</gco:CharacterString>
              </organisationName>
              <positionName>
                <gco:CharacterString>Principal Scientist, Remote Sensing Centre</gco:CharacterString>
              </positionName>
              <contactInfo>
                <CI_Contact>
                  <phone>
                    <CI_Telephone>
                      <voice>
                        <gco:CharacterString>(07) 3170 5688</gco:CharacterString>
                      </voice>
                    </CI_Telephone>
                  </phone>
                  <address>
                    <CI_Address>
                      <electronicMailAddress>
                        <gco:CharacterString>dan.tindall@dsiti.qld.gov.au</gco:CharacterString>
                      </electronicMailAddress>
                    </CI_Address>
                  </address>
                </CI_Contact>
              </contactInfo>
              <role>
                <CI_RoleCode codeList="http://www.isotc211.org/2005/resources/Codelist/gmxCodelists.xml#CI_RoleCode" codeListValue="principalInvestigator" codeSpace="ISOTC211/19115">principalInvestigator</CI_RoleCode>
              </role>
            </CI_ResponsibleParty>
          </citedResponsibleParty>
          <citedResponsibleParty>
            <CI_ResponsibleParty>
              <individualName>
                <gco:CharacterString>DSITI, Dan Tindall</gco:CharacterString>
              </individualName>
              <organisationName>
                <gco:CharacterString>Department of Science, Information Technology and Innovation</gco:CharacterString>
              </organisationName>
              <positionName>
                <gco:CharacterString>Principal Scientist, Remote Sensing Centre</gco:CharacterString>
              </positionName>
              <role>
                <CI_RoleCode codeList="http://www.isotc211.org/2005/resources/Codelist/gmxCodelists.xml#CI_RoleCode" codeListValue="resourceProvider" codeSpace="ISOTC211/19115">resourceProvider</CI_RoleCode>
              </role>
            </CI_ResponsibleParty>
          </citedResponsibleParty>
          <citedResponsibleParty>
            <CI_ResponsibleParty>
              <individualName>
                <gco:CharacterString>DSITI, Assistant Director General, Science Delivery</gco:CharacterString>
              </individualName>
              <organisationName>
                <gco:CharacterString>Department of Science, Information Technology and Innovation</gco:CharacterString>
              </organisationName>
              <positionName>
                <gco:CharacterString>A/D-G, Science Delivery</gco:CharacterString>
              </positionName>
              <role>
                <CI_RoleCode codeList="http://www.isotc211.org/2005/resources/Codelist/gmxCodelists.xml#CI_RoleCode" codeListValue="custodian" codeSpace="ISOTC211/19115">custodian</CI_RoleCode>
              </role>
            </CI_ResponsibleParty>
          </citedResponsibleParty>
          <presentationForm>
            <CI_PresentationFormCode codeList="http://www.isotc211.org/2005/resources/Codelist/gmxCodelists.xml#CI_PresentationFormCode" codeListValue="mapDigital" codeSpace="ISOTC211/19115">mapDigital</CI_PresentationFormCode>
          </presentationForm>
        </CI_Citation>
      </citation>
      <abstract>
        <gco:CharacterString>This data set is a statewide annual composite of fire scars (burnt area) derived from all available Landsat 5 and 7 images acquired over Queensland in the period January to December 1987. Fire scars have been mapped using automated Landsat time series change detection.</gco:CharacterString>
      </abstract>
      <purpose>
        <gco:CharacterString>Provides a graphical representation of fire scars in Queensland over the period January to December 1987 for use in characterising burning patterns and changing fire regimes.</gco:CharacterString>
      </purpose>
      <credit>
        <gco:CharacterString>© State of Queensland (Department of Science, Information Technology and Innovation), 2017</gco:CharacterString>
      </credit>
      <status>
        <MD_ProgressCode codeList="http://www.isotc211.org/2005/resources/Codelist/gmxCodelists.xml#MD_ProgressCode" codeListValue="completed" codeSpace="ISOTC211/19115">completed</MD_ProgressCode>
      </status>
      <pointOfContact>
        <CI_ResponsibleParty>
          <individualName>
            <gco:CharacterString>DSITI, Dan Tindall</gco:CharacterString>
          </individualName>
          <organisationName>
            <gco:CharacterString>Department of Science, Information Technology and Innovation</gco:CharacterString>
          </organisationName>
          <positionName>
            <gco:CharacterString>Principal Scientist, Remote Sensing Centre</gco:CharacterString>
          </positionName>
          <contactInfo>
            <CI_Contact>
              <phone>
                <CI_Telephone>
                  <voice>
                    <gco:CharacterString>(07) 3170 5688</gco:CharacterString>
                  </voice>
                </CI_Telephone>
              </phone>
              <address>
                <CI_Address>
                  <deliveryPoint>
                    <gco:CharacterString>41 Boggo Road</gco:CharacterString>
                  </deliveryPoint>
                  <city>
                    <gco:CharacterString>Dutton Park</gco:CharacterString>
                  </city>
                  <administrativeArea>
                    <gco:CharacterString>Qld</gco:CharacterString>
                  </administrativeArea>
                  <postalCode>
                    <gco:CharacterString>4102</gco:CharacterString>
                  </postalCode>
                  <country>
                    <Country codeList="http://www.iso.org/iso/country_codes/iso_3166_code_lists.htm" codeListValue="AU" codeSpace="ISO3166-1">AU</Country>
                  </country>
                  <electronicMailAddress>
                    <gco:CharacterString>dan.tindall@dsiti.qld.gov.au</gco:CharacterString>
                  </electronicMailAddress>
                </CI_Address>
              </address>
              <onlineResource>
                <CI_OnlineResource>
                  <linkage>
                    <URL>http://www.qld.gov.au/environment/land/vegetation/mapping/firescar/</URL>
                  </linkage>
                </CI_OnlineResource>
              </onlineResource>
            </CI_Contact>
          </contactInfo>
          <role>
            <CI_RoleCode codeList="http://www.isotc211.org/2005/resources/Codelist/gmxCodelists.xml#CI_RoleCode" codeListValue="originator" codeSpace="ISOTC211/19115">originator</CI_RoleCode>
          </role>
        </CI_ResponsibleParty>
      </pointOfContact>
      <resourceMaintenance>
        <MD_MaintenanceInformation>
          <maintenanceAndUpdateFrequency>
            <MD_MaintenanceFrequencyCode codeList="http://www.isotc211.org/2005/resources/Codelist/gmxCodelists.xml#MD_MaintenanceFrequencyCode" codeListValue="notPlanned" codeSpace="ISOTC211/19115">notPlanned</MD_MaintenanceFrequencyCode>
          </maintenanceAndUpdateFrequency>
          <contact>
            <CI_ResponsibleParty>
              <individualName>
                <gco:CharacterString>DSITI, Lisa Collett</gco:CharacterString>
              </individualName>
              <organisationName>
                <gco:CharacterString>Department of Science, Information Technology and Innovation</gco:CharacterString>
              </organisationName>
              <positionName>
                <gco:CharacterString>Senior Scientist, Remote Sensing Centre</gco:CharacterString>
              </positionName>
              <contactInfo>
                <CI_Contact>
                  <phone>
                    <CI_Telephone>
                      <voice>
                        <gco:CharacterString>(07) 3170 5673</gco:CharacterString>
                      </voice>
                    </CI_Telephone>
                  </phone>
                  <address>
                    <CI_Address>
                      <electronicMailAddress>
                        <gco:CharacterString>lisa.collett@dsiti.qld.gov.au</gco:CharacterString>
                      </electronicMailAddress>
                    </CI_Address>
                  </address>
                </CI_Contact>
              </contactInfo>
              <role>
                <CI_RoleCode codeList="http://www.isotc211.org/2005/resources/Codelist/gmxCodelists.xml#CI_RoleCode" codeListValue="pointOfContact" codeSpace="ISOTC211/19115">pointOfContact</CI_RoleCode>
              </role>
            </CI_ResponsibleParty>
          </contact>
        </MD_MaintenanceInformation>
      </resourceMaintenance>
      <descriptiveKeywords>
        <MD_Keywords>
          <keyword>
            <gco:CharacterString>Queensland</gco:CharacterString>
          </keyword>
          <type>
            <MD_KeywordTypeCode codeList="http://www.isotc211.org/2005/resources/Codelist/gmxCodelists.xml#MD_KeywordTypeCode" codeListValue="place" codeSpace="ISOTC211/19115">place</MD_KeywordTypeCode>
          </type>
          <thesaurusName>
            <CI_Citation>
              <title>
                <gco:CharacterString>ANZLIC Search Words</gco:CharacterString>
              </title>
              <date>
                <CI_Date>
                  <date>
                    <gco:Date>2007-08-01</gco:Date>
                  </date>
                  <dateType>
                    <CI_DateTypeCode codeList="http://www.isotc211.org/2005/resources/Codelist/gmxCodelists.xml#CI_DateTypeCode" codeListValue="publication" codeSpace="ISOTC211/19115">publication</CI_DateTypeCode>
                  </dateType>
                </CI_Date>
              </date>
            </CI_Citation>
          </thesaurusName>
        </MD_Keywords>
      </descriptiveKeywords>
      <descriptiveKeywords>
        <MD_Keywords>
          <keyword>
            <gco:CharacterString>HAZARDS Fire</gco:CharacterString>
          </keyword>
          <keyword>
            <gco:CharacterString>HAZRDS Fire Mapping</gco:CharacterString>
          </keyword>
          <type>
            <MD_KeywordTypeCode codeList="http://www.isotc211.org/2005/resources/Codelist/gmxCodelists.xml#MD_KeywordTypeCode" codeListValue="theme" codeSpace="ISOTC211/19115">theme</MD_KeywordTypeCode>
          </type>
          <thesaurusName>
            <CI_Citation>
              <title>
                <gco:CharacterString>ANZLIC Search Words</gco:CharacterString>
              </title>
              <date>
                <CI_Date>
                  <date>
                    <gco:Date>2007-08-01</gco:Date>
                  </date>
                  <dateType>
                    <CI_DateTypeCode codeList="http://www.isotc211.org/2005/resources/Codelist/gmxCodelists.xml#CI_DateTypeCode" codeListValue="publication" codeSpace="ISOTC211/19115">publication</CI_DateTypeCode>
                  </dateType>
                </CI_Date>
              </date>
            </CI_Citation>
          </thesaurusName>
        </MD_Keywords>
      </descriptiveKeywords>
      <descriptiveKeywords>
        <MD_Keywords>
          <keyword>
            <gco:CharacterString>fire risk</gco:CharacterString>
          </keyword>
          <keyword>
            <gco:CharacterString>fire history</gco:CharacterString>
          </keyword>
          <keyword>
            <gco:CharacterString>fire regime</gco:CharacterString>
          </keyword>
          <keyword>
            <gco:CharacterString>emergency services</gco:CharacterString>
          </keyword>
          <keyword>
            <gco:CharacterString>burnt area</gco:CharacterString>
          </keyword>
          <keyword>
            <gco:CharacterString>Landsat</gco:CharacterString>
          </keyword>
          <keyword>
            <gco:CharacterString>Sentinel2</gco:CharacterString>
          </keyword>
          <type>
            <MD_KeywordTypeCode codeList="http://www.isotc211.org/2005/resources/Codelist/gmxCodelists.xml#MD_KeywordTypeCode" codeListValue="theme" codeSpace="ISOTC211/19115">theme</MD_KeywordTypeCode>
          </type>
          <thesaurusName>
            <CI_Citation>
              <title>
                <gco:CharacterString>Common Search Terms</gco:CharacterString>
              </title>
              <date>
                <CI_Date>
                  <date>
                    <gco:Date>2015-05-22</gco:Date>
                  </date>
                  <dateType>
                    <CI_DateTypeCode codeList="http://www.isotc211.org/2005/resources/Codelist/gmxCodelists.xml#CI_DateTypeCode" codeListValue="publication" codeSpace="ISOTC211/19115">publication</CI_DateTypeCode>
                  </dateType>
                </CI_Date>
              </date>
            </CI_Citation>
          </thesaurusName>
        </MD_Keywords>
      </descriptiveKeywords>
      <descriptiveKeywords>
        <MD_Keywords>
          <keyword>
            <gco:CharacterString>Downloadable Data</gco:CharacterString>
          </keyword>
          <thesaurusName uuidref="723f6998-058e-11dc-8314-0800200c9a66" />
        </MD_Keywords>
      </descriptiveKeywords>
      <resourceConstraints>
        <MD_Constraints>
          <useLimitation>
            <gco:CharacterString>All available Landsat 5 and 7 imagery acquired over Queensland in 1987 has been used. Due to limitations of satellite revist time, cloud cover and other data loss, this data set should not be considered a complete record of fire history for the period. Please review the quality reports below.</gco:CharacterString>
          </useLimitation>
        </MD_Constraints>
      </resourceConstraints>
      <resourceConstraints>
        <MD_LegalConstraints>
          <useLimitation>
            <gco:CharacterString>© State of Queensland (Department of Science, Information Technology and Innovation), 2015</gco:CharacterString>
          </useLimitation>
          <useConstraints>
            <MD_RestrictionCode codeList="http://www.isotc211.org/2005/resources/Codelist/gmxCodelists.xml#MD_RestrictionCode" codeListValue="copyright" codeSpace="ISOTC211/19115">copyright</MD_RestrictionCode>
          </useConstraints>
        </MD_LegalConstraints>
      </resourceConstraints>
      <resourceConstraints>
        <MD_LegalConstraints>
          <useLimitation>
            <gco:CharacterString>This material is licensed under a Creative Commons - Attribution 4.0 International licence. The Department of Science, Information Technology and Innovation requests attribution in the following manner: © State of Queensland (Department of Science, Information Technology and Innovation) 2017. Updated data available at http://qldspatial.information.qld.gov.au/catalogue/ .</gco:CharacterString>
          </useLimitation>
          <useConstraints>
            <MD_RestrictionCode codeList="http://www.isotc211.org/2005/resources/Codelist/gmxCodelists.xml#MD_RestrictionCode" codeListValue="license" codeSpace="ISOTC211/19115">license</MD_RestrictionCode>
          </useConstraints>
        </MD_LegalConstraints>
      </resourceConstraints>
      <resourceConstraints>
        <MD_SecurityConstraints>
          <classification>
            <MD_ClassificationCode codeList="http://www.isotc211.org/2005/resources/Codelist/gmxCodelists.xml#MD_ClassificationCode" codeListValue="unclassified" codeSpace="ISOTC211/19115">unclassified</MD_ClassificationCode>
          </classification>
          <userNote>
            <gco:CharacterString>Unrestricted to all levels of government and community. Data is available to all government agencies, community groups and individuals. Dataset is available through physical supply and may be made available via web delivery tools, for example, through DNRM's internet sites.</gco:CharacterString>
          </userNote>
          <classificationSystem>
            <gco:CharacterString>ISO 19115 (mapped from Qld Govt Information Security Standard IS18)</gco:CharacterString>
          </classificationSystem>
        </MD_SecurityConstraints>
      </resourceConstraints>
      <aggregationInfo>
        <MD_AggregateInformation>
          <aggregateDataSetIdentifier>
            <MD_Identifier>
              <authority>
                <CI_Citation>
                  <title>
                    <gco:CharacterString>Spatial Information Resource (SIR) Feature Class </gco:CharacterString>
                  </title>
                  <date>
                    <CI_Date>
                      <date>
                        <gco:Date>2013-11-14</gco:Date>
                      </date>
                      <dateType>
                        <CI_DateTypeCode codeList="http://www.isotc211.org/2005/resources/Codelist/gmxCodelists.xml#CI_DateTypeCode" codeListValue="publication" codeSpace="ISOTC211/19115">publication</CI_DateTypeCode>
                      </dateType>
                    </CI_Date>
                  </date>
                </CI_Citation>
              </authority>
              <code>
                <gco:CharacterString>RSC.QLD_LANDSAT_FIRE_SCARS_1987_X</gco:CharacterString>
              </code>
            </MD_Identifier>
          </aggregateDataSetIdentifier>
          <associationType>
            <DS_AssociationTypeCode codeList="http://www.isotc211.org/2005/resources/Codelist/gmxCodelists.xml#DS_AssociationTypeCode" codeListValue="source" codeSpace="ISOTC211/19115">source</DS_AssociationTypeCode>
          </associationType>
        </MD_AggregateInformation>
      </aggregationInfo>
      <spatialRepresentationType>
        <MD_SpatialRepresentationTypeCode codeList="http://www.isotc211.org/2005/resources/Codelist/gmxCodelists.xml#MD_SpatialRepresentationTypeCode" codeListValue="vector" codeSpace="ISOTC211/19115">vector</MD_SpatialRepresentationTypeCode>
      </spatialRepresentationType>
      <language>
        <LanguageCode codeList="http://www.loc.gov/standards/iso639-2/php/code_list.php" codeListValue="eng" codeSpace="ISO639-2">eng</LanguageCode>
      </language>
      <characterSet>
        <MD_CharacterSetCode codeList="http://www.isotc211.org/2005/resources/Codelist/gmxCodelists.xml#MD_CharacterSetCode" codeListValue="utf8" codeSpace="ISOTC211/19115">utf8</MD_CharacterSetCode>
      </characterSet>
      <topicCategory>
        <MD_TopicCategoryCode>environment</MD_TopicCategoryCode>
      </topicCategory>
      <environmentDescription>
        <gco:CharacterString> Version 6.2 (Build 9200) ; Esri ArcGIS 10.4.1.5686</gco:CharacterString>
      </environmentDescription>
      <extent>
        <EX_Extent>
          <description>
            <gco:CharacterString>Bounding Box</gco:CharacterString>
          </description>
          <geographicElement>
            <EX_GeographicBoundingBox>
              <extentTypeCode>
                <gco:Boolean>true</gco:Boolean>
              </extentTypeCode>
              <westBoundLongitude>
                <gco:Decimal>137.5</gco:Decimal>
              </westBoundLongitude>
              <eastBoundLongitude>
                <gco:Decimal>154.1</gco:Decimal>
              </eastBoundLongitude>
              <southBoundLatitude>
                <gco:Decimal>-30</gco:Decimal>
              </southBoundLatitude>
              <northBoundLatitude>
                <gco:Decimal>-8.7</gco:Decimal>
              </northBoundLatitude>
            </EX_GeographicBoundingBox>
          </geographicElement>
          <geographicElement>
            <EX_GeographicDescription>
              <extentTypeCode>
                <gco:Boolean>true</gco:Boolean>
              </extentTypeCode>
              <geographicIdentifier>
                <MD_Identifier>
                  <authority>
                    <CI_Citation>
                      <title>
                        <gco:CharacterString>ANZLIC Geographic Extent Name Register</gco:CharacterString>
                      </title>
                      <date>
                        <CI_Date>
                          <date>
                            <gco:Date>2003-09-19</gco:Date>
                          </date>
                          <dateType>
                            <CI_DateTypeCode codeList="http://www.isotc211.org/2005/resources/Codelist/gmxCodelists.xml#CI_DateTypeCode" codeListValue="publication" codeSpace="ISOTC211/19115">publication</CI_DateTypeCode>
                          </dateType>
                        </CI_Date>
                      </date>
                      <edition>
                        <gco:CharacterString>2</gco:CharacterString>
                      </edition>
                    </CI_Citation>
                  </authority>
                  <code>
                    <gco:CharacterString>Queensland</gco:CharacterString>
                  </code>
                </MD_Identifier>
              </geographicIdentifier>
            </EX_GeographicDescription>
          </geographicElement>
          <temporalElement>
            <EX_TemporalExtent>
              <extent>
                <gml:TimePeriod gml:id="timePeriod1">
                  <gml:beginPosition>1987-01-01T00:00:00</gml:beginPosition>
                  <gml:endPosition>1987-12-31T00:00:00</gml:endPosition>
                </gml:TimePeriod>
              </extent>
            </EX_TemporalExtent>
          </temporalElement>
        </EX_Extent>
      </extent>
      <extent>
        <EX_Extent>
          <geographicElement>
            <EX_GeographicBoundingBox>
              <extentTypeCode>
                <gco:Boolean>true</gco:Boolean>
              </extentTypeCode>
              <westBoundLongitude>
                <gco:Decimal>137.362414</gco:Decimal>
              </westBoundLongitude>
              <eastBoundLongitude>
                <gco:Decimal>154.055473</gco:Decimal>
              </eastBoundLongitude>
              <southBoundLatitude>
                <gco:Decimal>-30.30332</gco:Decimal>
              </southBoundLatitude>
              <northBoundLatitude>
                <gco:Decimal>-9.041334</gco:Decimal>
              </northBoundLatitude>
            </EX_GeographicBoundingBox>
          </geographicElement>
        </EX_Extent>
      </extent>
      <supplementalInformation>
        <gco:CharacterString>Fire scars were automatically detected in Landsat imagery using time series change detection. A Landsat pixel is mapped as burnt if there has been a significant change in reflectance relative to the time  series due to the effects of fire e.g. presence of charcoal or ash, removal of foliage, scorch. 
1-12: month (of Landsat acquisition) when fire scar was first detected; 254: crop/water masked (using Current Queensland Land Use Mapping) - no fire scar detection conducted. 
Note: fire scars may persist and continue to be detected for several months in the image time sequence. Where there has been fire scar persistence or multiple fire scars recorded for a given pixel within the compositing year, the earliest month of detection is recorded.</gco:CharacterString>
      </supplementalInformation>
    </MD_DataIdentification>
  </identificationInfo>
  <distributionInfo>
    <MD_Distribution>
      <distributionFormat>
        <MD_Format>
          <name>
            <gco:CharacterString>SDE Feature Class</gco:CharacterString>
          </name>
          <version>
            <gco:CharacterString>10.4.1</gco:CharacterString>
          </version>
        </MD_Format>
      </distributionFormat>
      <distributor>
        <MD_Distributor>
          <distributorContact>
            <CI_ResponsibleParty>
              <individualName>
                <gco:CharacterString>DNRM, Open Data</gco:CharacterString>
              </individualName>
              <organisationName>
                <gco:CharacterString>Department of Natural Resources and Mines</gco:CharacterString>
              </organisationName>
              <positionName>
                <gco:CharacterString>Senior Product Officer</gco:CharacterString>
              </positionName>
              <contactInfo>
                <CI_Contact>
                  <phone>
                    <CI_Telephone>
                      <voice>
                        <gco:CharacterString>(07) 3330 4438</gco:CharacterString>
                      </voice>
                    </CI_Telephone>
                  </phone>
                  <address>
                    <CI_Address>
                      <electronicMailAddress>
                        <gco:CharacterString>opendata@dnrm.qld.gov.au</gco:CharacterString>
                      </electronicMailAddress>
                    </CI_Address>
                  </address>
                </CI_Contact>
              </contactInfo>
              <role>
                <CI_RoleCode codeList="http://www.isotc211.org/2005/resources/Codelist/gmxCodelists.xml#CI_RoleCode" codeListValue="distributor" codeSpace="ISOTC211/19115">distributor</CI_RoleCode>
              </role>
            </CI_ResponsibleParty>
          </distributorContact>
          <distributionOrderProcess>
            <MD_StandardOrderProcess>
              <orderingInstructions>
                <gco:CharacterString>Open the Queensland Spatial Catalogue (QSpatial). Select the large SEARCH button and all available records are displayed. Select one of the four filter options provided and then the further options within the filter. The resultant search is then displayed. Select your record and complete the order.</gco:CharacterString>
              </orderingInstructions>
            </MD_StandardOrderProcess>
          </distributionOrderProcess>
          <distributorFormat>
            <MD_Format>
              <name>
                <gco:CharacterString>Queensland Spatial Catalogue</gco:CharacterString>
              </name>
              <version>
                <gco:CharacterString>2.0</gco:CharacterString>
              </version>
              <specification>
                <gco:CharacterString>FGDB</gco:CharacterString>
              </specification>
            </MD_Format>
          </distributorFormat>
          <distributorTransferOptions>
            <MD_DigitalTransferOptions>
              <unitsOfDistribution>
                <gco:CharacterString>Whole of dataset, although clipped areas are available through QSpatial</gco:CharacterString>
              </unitsOfDistribution>
              <transferSize>
                <gco:Real>1000</gco:Real>
              </transferSize>
              <onLine>
                <CI_OnlineResource>
                  <linkage>
                    <URL>http://qldspatial.information.qld.gov.au/catalogue/custom/search.page?q=%22Landsat fire scars 1987 Queensland%22</URL>
                  </linkage>
                </CI_OnlineResource>
              </onLine>
            </MD_DigitalTransferOptions>
          </distributorTransferOptions>
        </MD_Distributor>
      </distributor>
    </MD_Distribution>
  </distributionInfo>
  <dataQualityInfo>
    <DQ_DataQuality>
      <scope>
        <DQ_Scope>
          <level>
            <MD_ScopeCode codeList="http://www.isotc211.org/2005/resources/Codelist/gmxCodelists.xml#MD_ScopeCode" codeListValue="dataset" codeSpace="ISOTC211/19115">dataset</MD_ScopeCode>
          </level>
        </DQ_Scope>
      </scope>
      <report>
        <DQ_CompletenessOmission>
          <measureDescription>
            <gco:CharacterString>Landsat does not provide a complete record of fire history for this period. This is mostly due to the sensor revisit time of 8-16 days which may be further limited by cloud and cloud shadow obstruction and striping in the imagery. A fire scar signal may not be evident in the image sequence for long time periods, particularly in savanna regions in North Queensland.  Ash/char can be blown or washed away over short periods of time (~weeks) and the fire scar is often rapidly masked by green-flush and vegetation resprouting in subsequent images. Data loss from SLC-Off image striping in Landsat-7 imagery (2003 onwards), cloud cover, haze and smoke, as well as errors in removing cloud and shadow (fire scars which are mapped as cloud shadow) can result in missed fires. Additionally, fires may be captured in the Landsat imagery but missed or under-mapped by the classifier for the following reasons: the fire may be too small or patchy to detect; cool grass/understorey fires may be obscured by the unburnt tree canopy; or the fire may be misclassified as non-fire related change or cloud shadow. An assumption that burnt areas decline in reflectance over time may not always be true and missed fire scars have been noted (e.g. spinifex grasses). Fire scars smaller than 1 ha (approximately 3 pixels) may not be resolved.
 Validation of Queensland automated Landsat fire scar maps (1987-2012) found the method mapped over 80% of all fire scars captured in Landsat imagery. The omission error does not include fire scars missed because of Landsat data loss e.g. SLC-Off striping, or gaps in the Landsat record e.g. due to cloud or revisit time. This has not been quantified due to the lack of a validation data set which is independent from the sensor being used (Landsat).
      </gco:CharacterString>
          </measureDescription>
          <evaluationMethodType>
            <DQ_EvaluationMethodTypeCode codeList="http://www.isotc211.org/2005/resources/Codelist/gmxCodelists.xml#DQ_EvaluationMethodTypeCode" codeListValue="directInternal" codeSpace="ISOTC211/19115">directInternal</DQ_EvaluationMethodTypeCode>
          </evaluationMethodType>
          <evaluationMethodDescription>
            <gco:CharacterString>The automated Queensland fire scar maps (1987-2012) were validated using a Landsat-derived data set of 500,000 points, sampling the spatial and temporal variabillity across Queensland.
 See Goodwin and Collett, 2016. Development of an automated method for mapping fire history captured in Landsat TM and ETM+ time series across Queensland, Australia. Remote Sensing of Environment 148 pp 206-221.
      </gco:CharacterString>
          </evaluationMethodDescription>
          <result>
            <DQ_ConformanceResult>
              <specification>
                <CI_Citation>
                  <title>
                    <gco:CharacterString>Department of Science, Information Technology and Innovation capture process</gco:CharacterString>
                  </title>
                  <date>
                    <CI_Date>
                      <date>
                        <gco:Date>2013-11-14</gco:Date>
                      </date>
                      <dateType>
                        <CI_DateTypeCode codeList="http://www.isotc211.org/2005/resources/Codelist/gmxCodelists.xml#CI_DateTypeCode" codeListValue="publication" codeSpace="ISOTC211/19115">publication</CI_DateTypeCode>
                      </dateType>
                    </CI_Date>
                  </date>
                </CI_Citation>
              </specification>
              <explanation>
                <gco:CharacterString>The data set is to a standard determined as fit for the purpose for which it was produced.</gco:CharacterString>
              </explanation>
              <pass>
                <gco:Boolean>true</gco:Boolean>
              </pass>
            </DQ_ConformanceResult>
          </result>
        </DQ_CompletenessOmission>
      </report>
      <report>
        <DQ_ConceptualConsistency>
          <measureDescription>
            <gco:CharacterString>False fires or over-mapping of fire scars may result from the presence of cloud shadows, areas of high land-use change (e.g. cropping), black soils, and inundation e.g. tidal flats, wetlands, ephemeral lakes and channels. These features often spectrally and temporally resemble fire scars. 
Validation of Queensland automated Landsat fire scar maps (1987-2012) measured the average rate of false fires (commission error) at 30%. False fires are far more common in image dates affected by striping in the Landsat-7 source imagery (particularly 2010-2013) as the data is fragmented and less reliable.
      </gco:CharacterString>
          </measureDescription>
          <evaluationMethodType>
            <DQ_EvaluationMethodTypeCode codeList="http://www.isotc211.org/2005/resources/Codelist/gmxCodelists.xml#DQ_EvaluationMethodTypeCode" codeListValue="directInternal" codeSpace="ISOTC211/19115">directInternal</DQ_EvaluationMethodTypeCode>
          </evaluationMethodType>
          <evaluationMethodDescription>
            <gco:CharacterString>The automated Queensland fire scar maps (1987-2012) were validated using a Landsat-derived data set of 500,000 points, sampling the spatial and temporal variabillity across Queensland.
 See Goodwin and Collett, 2016. Development of an automated method for mapping fire history captured in Landsat TM and ETM+ time series across Queensland, Australia. Remote Sensing of Environment 148 pp 206-221.
      </gco:CharacterString>
          </evaluationMethodDescription>
          <result>
            <DQ_ConformanceResult>
              <specification>
                <CI_Citation>
                  <title>
                    <gco:CharacterString>Department of Science, Information Technology and Innovation capture process</gco:CharacterString>
                  </title>
                  <date>
                    <CI_Date>
                      <date>
                        <gco:Date>2013-11-14</gco:Date>
                      </date>
                      <dateType>
                        <CI_DateTypeCode codeList="http://www.isotc211.org/2005/resources/Codelist/gmxCodelists.xml#CI_DateTypeCode" codeListValue="publication" codeSpace="ISOTC211/19115">publication</CI_DateTypeCode>
                      </dateType>
                    </CI_Date>
                  </date>
                </CI_Citation>
              </specification>
              <explanation>
                <gco:CharacterString>The data set is to a standard determined as fit for the purpose for which it was produced..</gco:CharacterString>
              </explanation>
              <pass>
                <gco:Boolean>true</gco:Boolean>
              </pass>
            </DQ_ConformanceResult>
          </result>
        </DQ_ConceptualConsistency>
      </report>
      <report>
        <DQ_AbsoluteExternalPositionalAccuracy>
          <measureDescription>
            <gco:CharacterString>All the data described here has been generated from the analysis of Landsat TM and ETM+ data acquired as ortho-rectified L1T images from USGS.
 Landsat imagery has a spatial resolution of 30m. Analyses by the USGS suggest that the geometric error is well below a single pixel (Storey et al, 2014).
 
Reference: Storey J, Choate M, and Lee K, (2014) Landsat 8 Operational Land Imagery On-Orbit Geometric Calibration and Performance Remote Sensing, 6(11), pp. 11127-11152.
      </gco:CharacterString>
          </measureDescription>
          <evaluationMethodType>
            <DQ_EvaluationMethodTypeCode codeList="http://www.isotc211.org/2005/resources/Codelist/gmxCodelists.xml#DQ_EvaluationMethodTypeCode" codeListValue="directExternal" codeSpace="ISOTC211/19115">directExternal</DQ_EvaluationMethodTypeCode>
          </evaluationMethodType>
          <result>
            <DQ_ConformanceResult>
              <specification>
                <CI_Citation>
                  <title>
                    <gco:CharacterString>Department of Science, Information Technology and Innovation capture process </gco:CharacterString>
                  </title>
                  <date>
                    <CI_Date>
                      <date>
                        <gco:Date>2013-11-14</gco:Date>
                      </date>
                      <dateType>
                        <CI_DateTypeCode codeList="http://www.isotc211.org/2005/resources/Codelist/gmxCodelists.xml#CI_DateTypeCode" codeListValue="publication" codeSpace="ISOTC211/19115">publication</CI_DateTypeCode>
                      </dateType>
                    </CI_Date>
                  </date>
                </CI_Citation>
              </specification>
              <explanation>
                <gco:CharacterString>The data is to a standard determined as fit for the purpose for which it was collected.</gco:CharacterString>
              </explanation>
              <pass>
                <gco:Boolean>true</gco:Boolean>
              </pass>
            </DQ_ConformanceResult>
          </result>
        </DQ_AbsoluteExternalPositionalAccuracy>
      </report>
      <report>
        <DQ_QuantitativeAttributeAccuracy>
          <measureDescription>
            <gco:CharacterString>Validation of individual Landsat fire scar classifications for Queensland  (1987-2012) measured the average fire scar omission error (missed fires) at 15% in the  automated outputs. The average fire scar commission rate (false fires) was measured at 30%. The average fire scar classification accuracy was measured at greater than 99%. This is more a reflection of the small fraction of landscape burnt than the ability to detect fire scars.
 Annual composites from 2003 onwards are affected by data loss due to systematic striping in the Landsat 7 ETM+ imagery. This is due to the failure of the instrument's Scan Line Corrector (SLC-Off). This results in striping and fragmentation in the fire scar maps derived from SLC-Off imagery, decreased rates of detection, and increased number of false fires.  Striping is particularly apparent in the fire scar products for the period 2011-2013, as Landsat 7 SLC-Off, was the predominant source of imagery available for fire scar mapping. Error rates are likely to be higher for this period. Rates of omissions are likely to be higher during wet season periods (Nov-February) in tropical and coastal regions where cloud cover may obscure the view of the surface for months at a time.
      </gco:CharacterString>
          </measureDescription>
          <evaluationMethodType>
            <DQ_EvaluationMethodTypeCode codeList="http://www.isotc211.org/2005/resources/Codelist/gmxCodelists.xml#DQ_EvaluationMethodTypeCode" codeListValue="directInternal" codeSpace="ISOTC211/19115">directInternal</DQ_EvaluationMethodTypeCode>
          </evaluationMethodType>
          <evaluationMethodDescription>
            <gco:CharacterString>The automated Queensland fire scar maps (1987-2012) were validated using a Landsat-derived data set of 500,000 points, sampling the spatial and temporal variabillity across Queensland.
 See Goodwin and Collett, 2016. Development of an automated method for mapping fire history captured in Landsat TM and ETM+ time series across Queensland, Australia. Remote Sensing of Environment 148 pp 206-221.
      </gco:CharacterString>
          </evaluationMethodDescription>
          <result>
            <DQ_ConformanceResult>
              <specification>
                <CI_Citation>
                  <title>
                    <gco:CharacterString>Department of Science, Information Technology and Innovation capture process</gco:CharacterString>
                  </title>
                  <date>
                    <CI_Date>
                      <date>
                        <gco:Date>2013-11-14</gco:Date>
                      </date>
                      <dateType>
                        <CI_DateTypeCode codeList="http://www.isotc211.org/2005/resources/Codelist/gmxCodelists.xml#CI_DateTypeCode" codeListValue="publication" codeSpace="ISOTC211/19115">publication</CI_DateTypeCode>
                      </dateType>
                    </CI_Date>
                  </date>
                </CI_Citation>
              </specification>
              <explanation>
                <gco:CharacterString>The data is to a standard determined as fit for the purpose for which it was produced.</gco:CharacterString>
              </explanation>
              <pass>
                <gco:Boolean>true</gco:Boolean>
              </pass>
            </DQ_ConformanceResult>
          </result>
        </DQ_QuantitativeAttributeAccuracy>
      </report>
      <lineage>
        <LI_Lineage>
          <statement>
            <gco:CharacterString>Single date fire scar maps have been produced for all Queensland Landsat images (with up to 60% cloud cover), held by the Remote Sensing Centre, covering the period from 1987 (earliest Landsat 5 imagery) to present. The automated method for detecting fire scars was applied to the time series stack of Landsat imagery, for each of the 100 Landsat WRS Path/Rows covering Queensland. The 1987 fire scar product was produced using a dense time series of imagery covering the period from 1987 - 2013. Imagery in each time series stack was pre-processed to convert to surface reflectance, and screen out cloud and cloud shadow, topographic shadow, crop and water (described in Source). 
The automated time series method identifies large negative outliers in reflectance indices (based on NIR and SWIR1 bands) relative to the time series. Median filters were applied to smooth the time series and provide a reference for no change. A threshold of change was used to determine outliers. A watershed filter from the VIGRA Computer Vision Library (http://hci.iwr.uni-heidelberg.de/vigra) was then used to map a larger spatial extent of the hange using the detected outliers as seeds. The segmented change objects were then attributed as either burnt or unburnt using their thermal, reflective and contextual characteristics in a classification tree. All required thresholds and rules for classification were derived from a statewide calibration based on random points sampled from ten Path/Rows located strategically across Queensland. The method was validated using 500,000 independent random points from a further 10 Path/Rows across Queensland. Calibrated thresholds may not apply outside of the calibration region (i.e. Qld). 
Annual composites of fire scar maps for a given Path/Row were compiled from all available  fire scar maps for the given year. Where a pixel was classified as burnt more than twice in a year, the earliest date of detection was recorded. Annual composites were mosaicked to produce state-wide annual fire scar maps. Finally, the statewide fire scar mosaic was converted from raster to polygon feature class (with no simplifying of polygons). 
References: Goodwin, N., and Collett, L. 2013. Development of an automated method for mapping fire history captured in Landsat TM and ETM time series across Queensland, Australia. Remote Sensing of Environment 148, 206-221.
        </gco:CharacterString>
          </statement>
          <source>
            <LI_Source>
              <description>
                <gco:CharacterString>The set of all available Landsat-5 TM, Landsat-7 ETM+ and Landsat-8 OLI (with less than 60% cloud cover) acquired over Queensland for the period 1987 to 2013. 
Landsat imagery (including SLC-Off and cloud affected) was downloaded from the USGS (http://glovis.usgs.gov/) as ortho-corrected L1T images containing scaled radiance values. Images were converted from radiance to a standardised surface reflectance, to minimise atmospheric, topographic, and bi-directional effects following Flood et al, 2013. The thermal infrared band 6 was converted to top-of-atmosphere brightness temperature (Chander, Markham, and Helder, 2009) and resampled to 30m x 30m pixels to match reflectance data. No atmospheric correction for the thermal band was applied. All data were scaled to 16 bit range. Images containing moderate to high levels of cloud cover (up to 60%) were included in the time series stacks. Cloud and cloud shadow affected pixels were screened using time series based cloud and shadow masking described in Goodwin et al. 2013. Topographic shadow affected pixels were masked out using a ray casting technique described in Robertson (1989). The satellite and sun azimuth and zenith angles were calculated per pixel directly from the orbital geometry. Crops and permanent water bodies were masked out of all imagery using the most current Queensland Land Use Mapping (http://www.qld.gov.au/environment/land/vegetation/mapping/qlump/). 
References: Chander, G., Markham, B. L., and Helder, D. L. (2009). Summary of current radiometric calibration coefficients for Landsat MSS, TM, ETM+, and EO-1 ALI sensors. Remote Sensing of Environment, 113(5), 893-903. Flood, N., Danaher, T., Gill, T., and Gillingham, S. (2013). An Operational Scheme for Deriving Standardised Surface Reflectance from Landsat TM/ETM+ and SPOT HRG Imagery for Eastern Australia. Remote Sensing, 5(1), 83-109. Goodwin, N. R., Collett, L. J., Denham, R. J., Flood, N., and Tindall, D. (2013). Cloud and cloud shadow screening across Queensland, Australia: An automated method for Landsat TM/ETM+ time series. Remote Sensing of Environment, 134, 50-65. Robertson, K. Spatial transformation for rapid scan-line surface shadowing,  IEEE Computer Graphics and Applications, 1989.
        </gco:CharacterString>
              </description>
            </LI_Source>
          </source>
        </LI_Lineage>
      </lineage>
    </DQ_DataQuality>
  </dataQualityInfo>
  <metadataConstraints>
    <MD_SecurityConstraints>
      <useLimitation>
        <gco:CharacterString>Public</gco:CharacterString>
      </useLimitation>
      <classification>
        <MD_ClassificationCode codeList="http://www.isotc211.org/2005/resources/Codelist/gmxCodelists.xml#MD_ClassificationCode" codeListValue="unclassified" codeSpace="ISOTC211/19115">unclassified</MD_ClassificationCode>
      </classification>
      <classificationSystem>
        <gco:CharacterString>Metadata Access Level</gco:CharacterString>
      </classificationSystem>
    </MD_SecurityConstraints>
  </metadataConstraints>
  <metadataMaintenance>
    <MD_MaintenanceInformation>
      <maintenanceAndUpdateFrequency>
        <MD_MaintenanceFrequencyCode codeList="http://www.isotc211.org/2005/resources/Codelist/gmxCodelists.xml#MD_MaintenanceFrequencyCode" codeListValue="asNeeded" codeSpace="ISOTC211/19115">asNeeded</MD_MaintenanceFrequencyCode>
      </maintenanceAndUpdateFrequency>
    </MD_MaintenanceInformation>
  </metadataMaintenance>
</MD_Metadata>