﻿<MD_Metadata xmlns="http://www.isotc211.org/2005/gmd" xmlns:gco="http://www.isotc211.org/2005/gco" xmlns:gts="http://www.isotc211.org/2005/gts" xmlns:srv="http://www.isotc211.org/2005/srv" xmlns:gml="http://www.opengis.net/gml" xmlns:xlink="http://www.w3.org/1999/xlink" xmlns:xsi="http://www.w3.org/2001/XMLSchema-instance">
  <fileIdentifier>
    <gco:CharacterString>File Identifier - to be replaced</gco:CharacterString>
  </fileIdentifier>
  <language>
    <LanguageCode codeList="http://www.loc.gov/standards/iso639-2/php/code_list.php" codeListValue="eng" codeSpace="ISO639-2">eng</LanguageCode>
  </language>
  <characterSet>
    <MD_CharacterSetCode codeList="http://www.isotc211.org/2005/resources/Codelist/gmxCodelists.xml#MD_CharacterSetCode" codeListValue="utf8" codeSpace="ISOTC211/19115">utf8</MD_CharacterSetCode>
  </characterSet>
  <parentIdentifier>
    <gco:CharacterString>Parent Identifier</gco:CharacterString>
  </parentIdentifier>
  <hierarchyLevel>
    <MD_ScopeCode codeList="http://www.isotc211.org/2005/resources/Codelist/gmxCodelists.xml#MD_ScopeCode" codeListValue="dataset" codeSpace="ISOTC211/19115">dataset</MD_ScopeCode>
  </hierarchyLevel>
  <hierarchyLevelName>
    <gco:CharacterString>dataset</gco:CharacterString>
  </hierarchyLevelName>
  <contact>
    <CI_ResponsibleParty>
      <individualName>
        <gco:CharacterString>Shephard Craig</gco:CharacterString>
      </individualName>
      <organisationName>
        <gco:CharacterString>Remote Sensing Centre</gco:CharacterString>
      </organisationName>
      <positionName>
        <gco:CharacterString>Principal Scientist</gco:CharacterString>
      </positionName>
      <contactInfo>
        <CI_Contact>
          <phone>
            <CI_Telephone>
              <voice>
                <gco:CharacterString>(07) 3170 5664</gco:CharacterString>
              </voice>
            </CI_Telephone>
          </phone>
          <address>
            <CI_Address>
              <country>
                <Country codeList="http://www.iso.org/iso/country_codes/iso_3166_code_lists.htm" codeListValue="AU" codeSpace="ISO3166-1">AU</Country>
              </country>
              <electronicMailAddress>
                <gco:CharacterString>qlump@qld.gov.au</gco:CharacterString>
              </electronicMailAddress>
            </CI_Address>
          </address>
        </CI_Contact>
      </contactInfo>
      <role>
        <CI_RoleCode codeList="http://www.isotc211.org/2005/resources/Codelist/gmxCodelists.xml#CI_RoleCode" codeListValue="pointOfContact" codeSpace="ISOTC211/19115">pointOfContact</CI_RoleCode>
      </role>
    </CI_ResponsibleParty>
  </contact>
  <dateStamp>
    <gco:Date>2019-06-17</gco:Date>
  </dateStamp>
  <metadataStandardName>
    <gco:CharacterString>ISO 19139 Geographic Information - Metadata - Implementation Specification</gco:CharacterString>
  </metadataStandardName>
  <metadataStandardVersion>
    <gco:CharacterString>2007</gco:CharacterString>
  </metadataStandardVersion>
  <locale>
    <PT_Locale>
      <languageCode>
        <LanguageCode codeList="http://www.loc.gov/standards/iso639-2/php/code_list.php" codeListValue="eng" codeSpace="ISO639-2">eng</LanguageCode>
      </languageCode>
      <country>
        <Country codeList="http://www.iso.org/iso/country_codes/iso_3166_code_lists.htm" codeListValue="AU" codeSpace="ISO3166-1">AU</Country>
      </country>
      <characterEncoding>
        <MD_CharacterSetCode codeList="http://www.isotc211.org/2005/resources/Codelist/gmxCodelists.xml#MD_CharacterSetCode" codeListValue="utf8" codeSpace="ISOTC211/19115">utf8</MD_CharacterSetCode>
      </characterEncoding>
    </PT_Locale>
  </locale>
  <spatialRepresentationInfo>
    <MD_VectorSpatialRepresentation>
      <topologyLevel>
        <MD_TopologyLevelCode codeList="http://www.isotc211.org/2005/resources/Codelist/gmxCodelists.xml#MD_TopologyLevelCode" codeListValue="geometryOnly" codeSpace="ISOTC211/19115">geometryOnly</MD_TopologyLevelCode>
      </topologyLevel>
      <geometricObjects>
        <MD_GeometricObjects>
          <geometricObjectType>
            <MD_GeometricObjectTypeCode codeList="http://www.isotc211.org/2005/resources/Codelist/gmxCodelists.xml#MD_GeometricObjectTypeCode" codeListValue="composite" codeSpace="ISOTC211/19115">composite</MD_GeometricObjectTypeCode>
          </geometricObjectType>
          <geometricObjectCount>
            <gco:Integer>181566</gco:Integer>
          </geometricObjectCount>
        </MD_GeometricObjects>
      </geometricObjects>
    </MD_VectorSpatialRepresentation>
  </spatialRepresentationInfo>
  <referenceSystemInfo>
    <MD_ReferenceSystem>
      <referenceSystemIdentifier>
        <RS_Identifier>
          <code>
            <gco:CharacterString>3577</gco:CharacterString>
          </code>
          <codeSpace>
            <gco:CharacterString>EPSG</gco:CharacterString>
          </codeSpace>
          <version>
            <gco:CharacterString>6.12(9.3.0.0)</gco:CharacterString>
          </version>
        </RS_Identifier>
      </referenceSystemIdentifier>
    </MD_ReferenceSystem>
  </referenceSystemInfo>
  <identificationInfo>
    <MD_DataIdentification>
      <citation>
        <CI_Citation>
          <title>
            <gco:CharacterString>Queensland Land Use</gco:CharacterString>
          </title>
          <alternateTitle>
            <gco:CharacterString>Queensland Land Use</gco:CharacterString>
          </alternateTitle>
          <date>
            <CI_Date>
              <date>
                <gco:Date>2018-03-19</gco:Date>
              </date>
              <dateType>
                <CI_DateTypeCode codeList="http://www.isotc211.org/2005/resources/Codelist/gmxCodelists.xml#CI_DateTypeCode" codeListValue="creation" codeSpace="ISOTC211/19115">creation</CI_DateTypeCode>
              </dateType>
            </CI_Date>
          </date>
          <date>
            <CI_Date>
              <date>
                <gco:Date>2018-03-19</gco:Date>
              </date>
              <dateType>
                <CI_DateTypeCode codeList="http://www.isotc211.org/2005/resources/Codelist/gmxCodelists.xml#CI_DateTypeCode" codeListValue="publication" codeSpace="ISOTC211/19115">publication</CI_DateTypeCode>
              </dateType>
            </CI_Date>
          </date>
          <citedResponsibleParty>
            <CI_ResponsibleParty>
              <individualName>
                <gco:CharacterString>Data Custodian (Assistant D-G, Science Division)</gco:CharacterString>
              </individualName>
              <organisationName>
                <gco:CharacterString>Department of Environment and Science</gco:CharacterString>
              </organisationName>
              <positionName>
                <gco:CharacterString>Assistant Director-General, Science Division</gco:CharacterString>
              </positionName>
              <contactInfo>
                <CI_Contact>
                  <address>
                    <CI_Address>
                      <country>
                        <Country codeList="http://www.iso.org/iso/country_codes/iso_3166_code_lists.htm" codeListValue="AU" codeSpace="ISO3166-1">AU</Country>
                      </country>
                    </CI_Address>
                  </address>
                </CI_Contact>
              </contactInfo>
              <role>
                <CI_RoleCode codeList="http://www.isotc211.org/2005/resources/Codelist/gmxCodelists.xml#CI_RoleCode" codeListValue="custodian" codeSpace="ISOTC211/19115">custodian</CI_RoleCode>
              </role>
            </CI_ResponsibleParty>
          </citedResponsibleParty>
          <citedResponsibleParty>
            <CI_ResponsibleParty>
              <individualName>
                <gco:CharacterString>Shephard Craig</gco:CharacterString>
              </individualName>
              <organisationName>
                <gco:CharacterString>Remote Sensing Centre</gco:CharacterString>
              </organisationName>
              <positionName>
                <gco:CharacterString>Principal Scientist</gco:CharacterString>
              </positionName>
              <contactInfo>
                <CI_Contact>
                  <phone>
                    <CI_Telephone>
                      <voice>
                        <gco:CharacterString>(07) 3170 5664</gco:CharacterString>
                      </voice>
                    </CI_Telephone>
                  </phone>
                  <address>
                    <CI_Address>
                      <country>
                        <Country codeList="http://www.iso.org/iso/country_codes/iso_3166_code_lists.htm" codeListValue="AU" codeSpace="ISO3166-1">AU</Country>
                      </country>
                      <electronicMailAddress>
                        <gco:CharacterString>qlump@qld.gov.au</gco:CharacterString>
                      </electronicMailAddress>
                    </CI_Address>
                  </address>
                </CI_Contact>
              </contactInfo>
              <role>
                <CI_RoleCode codeList="http://www.isotc211.org/2005/resources/Codelist/gmxCodelists.xml#CI_RoleCode" codeListValue="principalInvestigator" codeSpace="ISOTC211/19115">principalInvestigator</CI_RoleCode>
              </role>
            </CI_ResponsibleParty>
          </citedResponsibleParty>
          <citedResponsibleParty>
            <CI_ResponsibleParty>
              <individualName>
                <gco:CharacterString>Shephard Craig</gco:CharacterString>
              </individualName>
              <organisationName>
                <gco:CharacterString>Remote Sensing Centre</gco:CharacterString>
              </organisationName>
              <positionName>
                <gco:CharacterString>Principal Scientist</gco:CharacterString>
              </positionName>
              <contactInfo>
                <CI_Contact>
                  <phone>
                    <CI_Telephone>
                      <voice>
                        <gco:CharacterString>(07) 3170 5664</gco:CharacterString>
                      </voice>
                    </CI_Telephone>
                  </phone>
                  <address>
                    <CI_Address>
                      <country>
                        <Country codeList="http://www.iso.org/iso/country_codes/iso_3166_code_lists.htm" codeListValue="AU" codeSpace="ISO3166-1">AU</Country>
                      </country>
                      <electronicMailAddress>
                        <gco:CharacterString>qlump@qld.gov.au</gco:CharacterString>
                      </electronicMailAddress>
                    </CI_Address>
                  </address>
                </CI_Contact>
              </contactInfo>
              <role>
                <CI_RoleCode codeList="http://www.isotc211.org/2005/resources/Codelist/gmxCodelists.xml#CI_RoleCode" codeListValue="originator" codeSpace="ISOTC211/19115">originator</CI_RoleCode>
              </role>
            </CI_ResponsibleParty>
          </citedResponsibleParty>
          <citedResponsibleParty>
            <CI_ResponsibleParty>
              <individualName>
                <gco:CharacterString>Senior Spatial Information Officer (Product Delivery)</gco:CharacterString>
              </individualName>
              <organisationName>
                <gco:CharacterString>Department of Natural Resources and Mines</gco:CharacterString>
              </organisationName>
              <positionName>
                <gco:CharacterString>Client Outcomes (Product Delivery)</gco:CharacterString>
              </positionName>
              <contactInfo>
                <CI_Contact>
                  <address>
                    <CI_Address>
                      <country>
                        <Country codeList="http://www.iso.org/iso/country_codes/iso_3166_code_lists.htm" codeListValue="AU" codeSpace="ISO3166-1">AU</Country>
                      </country>
                    </CI_Address>
                  </address>
                </CI_Contact>
              </contactInfo>
              <role>
                <CI_RoleCode codeList="http://www.isotc211.org/2005/resources/Codelist/gmxCodelists.xml#CI_RoleCode" codeListValue="pointOfContact" codeSpace="ISOTC211/19115">pointOfContact</CI_RoleCode>
              </role>
            </CI_ResponsibleParty>
          </citedResponsibleParty>
          <citedResponsibleParty>
            <CI_ResponsibleParty>
              <individualName>
                <gco:CharacterString>Data Custodian (Assistant D-G, Science Division)</gco:CharacterString>
              </individualName>
              <organisationName>
                <gco:CharacterString>Department of Environment and Science</gco:CharacterString>
              </organisationName>
              <positionName>
                <gco:CharacterString>Assistant Director-General, Science Division</gco:CharacterString>
              </positionName>
              <contactInfo>
                <CI_Contact>
                  <address>
                    <CI_Address>
                      <country>
                        <Country codeList="http://www.iso.org/iso/country_codes/iso_3166_code_lists.htm" codeListValue="AU" codeSpace="ISO3166-1">AU</Country>
                      </country>
                    </CI_Address>
                  </address>
                </CI_Contact>
              </contactInfo>
              <role>
                <CI_RoleCode codeList="http://www.isotc211.org/2005/resources/Codelist/gmxCodelists.xml#CI_RoleCode" codeListValue="resourceProvider" codeSpace="ISOTC211/19115">resourceProvider</CI_RoleCode>
              </role>
            </CI_ResponsibleParty>
          </citedResponsibleParty>
          <presentationForm>
            <CI_PresentationFormCode codeList="http://www.isotc211.org/2005/resources/Codelist/gmxCodelists.xml#CI_PresentationFormCode" codeListValue="mapDigital" codeSpace="ISOTC211/19115">mapDigital</CI_PresentationFormCode>
          </presentationForm>
        </CI_Citation>
      </citation>
      <abstract>
        <gco:CharacterString>This dataset is a digital map of the most recent land use of Queensland. Land use is classified according to the Australian Land Use and Management Classification (ALUMC).</gco:CharacterString>
      </abstract>
      <purpose>
        <gco:CharacterString>Indicates the most current primary use or management objective of the land for Queensland.</gco:CharacterString>
      </purpose>
      <credit>
        <gco:CharacterString>The Australian Collaborative Land Use and Management Program (ACLUMP) publishes land use information (including location and extent) by assigning a land use code to features (subject to mapping scale limitations). Under version 8 of the Australian Land Use and Management (ALUM) Classification, land use can include commodity type and management practice information. Sources used to compile this information include remotely sensed data, state and national ancillary datasets, field observation and expert opinion. No personal or confidential information is collected as part of the land use mapping process nor contained within the land use datasets. 

While every care is taken to ensure the accuracy of this information, Queensland Government makes no representations or warranties about its accuracy, reliability, completeness or suitability for any particular purpose and disclaims all responsibility and all liability (including without limitation, liability in negligence) for all expenses, losses, damages (including indirect or consequential damage) and costs which might be incurred as a result of the information being inaccurate or incomplete in any way and for any reason.

© The State of Queensland 2019</gco:CharacterString>
      </credit>
      <status>
        <MD_ProgressCode codeList="http://www.isotc211.org/2005/resources/Codelist/gmxCodelists.xml#MD_ProgressCode" codeListValue="completed" codeSpace="ISOTC211/19115">completed</MD_ProgressCode>
      </status>
      <pointOfContact>
        <CI_ResponsibleParty>
          <individualName>
            <gco:CharacterString>Shephard Craig</gco:CharacterString>
          </individualName>
          <organisationName>
            <gco:CharacterString>Remote Sensing Centre</gco:CharacterString>
          </organisationName>
          <positionName>
            <gco:CharacterString>Principal Scientist</gco:CharacterString>
          </positionName>
          <contactInfo>
            <CI_Contact>
              <phone>
                <CI_Telephone>
                  <voice>
                    <gco:CharacterString>(07) 3170 5664</gco:CharacterString>
                  </voice>
                </CI_Telephone>
              </phone>
              <address>
                <CI_Address>
                  <country>
                    <Country codeList="http://www.iso.org/iso/country_codes/iso_3166_code_lists.htm" codeListValue="AU" codeSpace="ISO3166-1">AU</Country>
                  </country>
                  <electronicMailAddress>
                    <gco:CharacterString>qlump@qld.gov.au</gco:CharacterString>
                  </electronicMailAddress>
                </CI_Address>
              </address>
            </CI_Contact>
          </contactInfo>
          <role>
            <CI_RoleCode codeList="http://www.isotc211.org/2005/resources/Codelist/gmxCodelists.xml#CI_RoleCode" codeListValue="pointOfContact" codeSpace="ISOTC211/19115">pointOfContact</CI_RoleCode>
          </role>
        </CI_ResponsibleParty>
      </pointOfContact>
      <resourceMaintenance>
        <MD_MaintenanceInformation>
          <maintenanceAndUpdateFrequency>
            <MD_MaintenanceFrequencyCode codeList="http://www.isotc211.org/2005/resources/Codelist/gmxCodelists.xml#MD_MaintenanceFrequencyCode" codeListValue="asNeeded" codeSpace="ISOTC211/19115">asNeeded</MD_MaintenanceFrequencyCode>
          </maintenanceAndUpdateFrequency>
        </MD_MaintenanceInformation>
      </resourceMaintenance>
      <descriptiveKeywords>
        <MD_Keywords>
          <keyword>
            <gco:CharacterString>Queensland</gco:CharacterString>
          </keyword>
          <type>
            <MD_KeywordTypeCode codeList="http://www.isotc211.org/2005/resources/Codelist/gmxCodelists.xml#MD_KeywordTypeCode" codeListValue="place" codeSpace="ISOTC211/19115">place</MD_KeywordTypeCode>
          </type>
        </MD_Keywords>
      </descriptiveKeywords>
      <descriptiveKeywords>
        <MD_Keywords>
          <keyword>
            <gco:CharacterString>ENERGY</gco:CharacterString>
          </keyword>
          <keyword>
            <gco:CharacterString>FISHERIES Freshwater</gco:CharacterString>
          </keyword>
          <keyword>
            <gco:CharacterString>WASTE</gco:CharacterString>
          </keyword>
          <keyword>
            <gco:CharacterString>ENERGY Use</gco:CharacterString>
          </keyword>
          <keyword>
            <gco:CharacterString>HUMAN ENVIRONMENT Planning</gco:CharacterString>
          </keyword>
          <keyword>
            <gco:CharacterString>HUMAN ENVIRONMENT Housing</gco:CharacterString>
          </keyword>
          <keyword>
            <gco:CharacterString>TRANSPORTATION Air</gco:CharacterString>
          </keyword>
          <keyword>
            <gco:CharacterString>MARINE Human Impacts</gco:CharacterString>
          </keyword>
          <keyword>
            <gco:CharacterString>AGRICULTURE Crops</gco:CharacterString>
          </keyword>
          <keyword>
            <gco:CharacterString>INDUSTRY Other</gco:CharacterString>
          </keyword>
          <keyword>
            <gco:CharacterString>ENERGY Coal</gco:CharacterString>
          </keyword>
          <keyword>
            <gco:CharacterString>INDUSTRY Mining</gco:CharacterString>
          </keyword>
          <keyword>
            <gco:CharacterString>ENERGY Petroleum</gco:CharacterString>
          </keyword>
          <keyword>
            <gco:CharacterString>FISHERIES</gco:CharacterString>
          </keyword>
          <keyword>
            <gco:CharacterString>TRANSPORTATION Land</gco:CharacterString>
          </keyword>
          <keyword>
            <gco:CharacterString>HUMAN ENVIRONMENT</gco:CharacterString>
          </keyword>
          <keyword>
            <gco:CharacterString>FISHERIES Aquaculture</gco:CharacterString>
          </keyword>
          <keyword>
            <gco:CharacterString>HEALTH</gco:CharacterString>
          </keyword>
          <keyword>
            <gco:CharacterString>HUMAN ENVIRONMENT Livability</gco:CharacterString>
          </keyword>
          <keyword>
            <gco:CharacterString>WATER Wetlands</gco:CharacterString>
          </keyword>
          <keyword>
            <gco:CharacterString>VEGETATION</gco:CharacterString>
          </keyword>
          <keyword>
            <gco:CharacterString>LAND Cadastre</gco:CharacterString>
          </keyword>
          <keyword>
            <gco:CharacterString>HUMAN ENVIRONMENT Structures and Facilities</gco:CharacterString>
          </keyword>
          <keyword>
            <gco:CharacterString>ENERGY Electricity</gco:CharacterString>
          </keyword>
          <keyword>
            <gco:CharacterString>MARINE Coasts</gco:CharacterString>
          </keyword>
          <keyword>
            <gco:CharacterString>TRANSPORTATION Marine</gco:CharacterString>
          </keyword>
          <keyword>
            <gco:CharacterString>AGRICULTURE Livestock</gco:CharacterString>
          </keyword>
          <keyword>
            <gco:CharacterString>WASTE Solid</gco:CharacterString>
          </keyword>
          <keyword>
            <gco:CharacterString>INDUSTRY Manufacturing</gco:CharacterString>
          </keyword>
          <keyword>
            <gco:CharacterString>WASTE Liquid</gco:CharacterString>
          </keyword>
          <keyword>
            <gco:CharacterString>WASTE Sewage</gco:CharacterString>
          </keyword>
          <keyword>
            <gco:CharacterString>HUMAN ENVIRONMENT Economics</gco:CharacterString>
          </keyword>
          <keyword>
            <gco:CharacterString>LAND Geography</gco:CharacterString>
          </keyword>
          <keyword>
            <gco:CharacterString>AGRICULTURE Horticulture</gco:CharacterString>
          </keyword>
          <keyword>
            <gco:CharacterString>INDUSTRY Service</gco:CharacterString>
          </keyword>
          <keyword>
            <gco:CharacterString>INDUSTRY</gco:CharacterString>
          </keyword>
          <keyword>
            <gco:CharacterString>HUMAN ENVIRONMENT Urban Design</gco:CharacterString>
          </keyword>
          <keyword>
            <gco:CharacterString>UTILITIES</gco:CharacterString>
          </keyword>
          <keyword>
            <gco:CharacterString>LAND</gco:CharacterString>
          </keyword>
          <keyword>
            <gco:CharacterString>LAND Use</gco:CharacterString>
          </keyword>
          <keyword>
            <gco:CharacterString>ENERGY Renewable</gco:CharacterString>
          </keyword>
          <keyword>
            <gco:CharacterString>WATER Rivers</gco:CharacterString>
          </keyword>
          <keyword>
            <gco:CharacterString>TRANSPORTATION</gco:CharacterString>
          </keyword>
          <keyword>
            <gco:CharacterString>WATER Surface</gco:CharacterString>
          </keyword>
          <keyword>
            <gco:CharacterString>INDUSTRY Primary</gco:CharacterString>
          </keyword>
          <keyword>
            <gco:CharacterString>WATER</gco:CharacterString>
          </keyword>
          <keyword>
            <gco:CharacterString>MARINE Estuaries</gco:CharacterString>
          </keyword>
          <keyword>
            <gco:CharacterString>FORESTS Agriforestry</gco:CharacterString>
          </keyword>
          <keyword>
            <gco:CharacterString>FORESTS</gco:CharacterString>
          </keyword>
          <keyword>
            <gco:CharacterString>FISHERIES Recreational</gco:CharacterString>
          </keyword>
          <keyword>
            <gco:CharacterString>WATER Lakes</gco:CharacterString>
          </keyword>
          <keyword>
            <gco:CharacterString>FORESTS Natural</gco:CharacterString>
          </keyword>
          <keyword>
            <gco:CharacterString>FORESTS Plantation</gco:CharacterString>
          </keyword>
          <keyword>
            <gco:CharacterString>AGRICULTURE Irrigation</gco:CharacterString>
          </keyword>
          <keyword>
            <gco:CharacterString>FISHERIES Marine</gco:CharacterString>
          </keyword>
          <keyword>
            <gco:CharacterString>AGRICULTURE</gco:CharacterString>
          </keyword>
          <type>
            <MD_KeywordTypeCode codeList="http://www.isotc211.org/2005/resources/Codelist/gmxCodelists.xml#MD_KeywordTypeCode" codeListValue="theme" codeSpace="ISOTC211/19115">theme</MD_KeywordTypeCode>
          </type>
          <thesaurusName>
            <CI_Citation>
              <title>
                <gco:CharacterString>ANZLIC Search Words</gco:CharacterString>
              </title>
              <date>
                <CI_Date>
                  <date>
                    <gco:Date>2007-08-01</gco:Date>
                  </date>
                  <dateType>
                    <CI_DateTypeCode codeList="http://www.isotc211.org/2005/resources/Codelist/gmxCodelists.xml#CI_DateTypeCode" codeListValue="publication" codeSpace="ISOTC211/19115">publication</CI_DateTypeCode>
                  </dateType>
                </CI_Date>
              </date>
            </CI_Citation>
          </thesaurusName>
        </MD_Keywords>
      </descriptiveKeywords>
      <descriptiveKeywords>
        <MD_Keywords>
          <keyword>
            <gco:CharacterString>QLUMP</gco:CharacterString>
          </keyword>
          <keyword>
            <gco:CharacterString>ALUMC</gco:CharacterString>
          </keyword>
          <keyword>
            <gco:CharacterString>Australia Land Use and Management Classification</gco:CharacterString>
          </keyword>
          <keyword>
            <gco:CharacterString>Queensland Land Use Mapping Program</gco:CharacterString>
          </keyword>
          <type>
            <MD_KeywordTypeCode codeList="http://www.isotc211.org/2005/resources/Codelist/gmxCodelists.xml#MD_KeywordTypeCode" codeListValue="theme" codeSpace="ISOTC211/19115">theme</MD_KeywordTypeCode>
          </type>
          <thesaurusName>
            <CI_Citation>
              <title>
                <gco:CharacterString>Common Search Terms</gco:CharacterString>
              </title>
              <date>
                <CI_Date>
                  <date>
                    <gco:Date>2018-03-19</gco:Date>
                  </date>
                  <dateType>
                    <CI_DateTypeCode codeList="http://www.isotc211.org/2005/resources/Codelist/gmxCodelists.xml#CI_DateTypeCode" codeListValue="publication" codeSpace="ISOTC211/19115">publication</CI_DateTypeCode>
                  </dateType>
                </CI_Date>
              </date>
            </CI_Citation>
          </thesaurusName>
        </MD_Keywords>
      </descriptiveKeywords>
      <descriptiveKeywords>
        <MD_Keywords>
          <keyword>
            <gco:CharacterString>Downloadable Data</gco:CharacterString>
          </keyword>
          <thesaurusName uuidref="723f6998-058e-11dc-8314-0800200c9a66" />
        </MD_Keywords>
      </descriptiveKeywords>
      <resourceConstraints>
        <MD_Constraints>
          <useLimitation>
            <gco:CharacterString>This material is licensed under a Creative Commons - Attribution 4.0 Australia licence. The Department requests attribution in the following manner: Copyright State of Queensland (Department of Environment and Science) 2019. Updated data available at http://qldspatial.information.qld.gov.au/catalogue/</gco:CharacterString>
          </useLimitation>
        </MD_Constraints>
      </resourceConstraints>
      <resourceConstraints>
        <MD_Constraints>
          <useLimitation>
            <gco:CharacterString>The Australian Collaborative Land Use and Management Program (ACLUMP) publishes land use information (including location and extent) by assigning a land use code to features (subject to mapping scale limitations). Under version 8 of the Australian Land Use and Management (ALUM) Classification, land use can include commodity type and management practice information. Sources used to compile this information include remotely sensed data, state and national ancillary datasets, field observation and expert opinion. No personal or confidential information is collected as part of the land use mapping process nor contained within the land use datasets. While every care is taken to ensure the accuracy of this information, Queensland Government makes no representations or warranties about its accuracy, reliability, completeness or suitability for any particular purpose and disclaims all responsibility and all liability (including without limitation, liability in negligence) for all expenses, losses, damages (including indirect or consequential damage) and costs which might be incurred as a result of the information being inaccurate or incomplete in any way and for any reason.© The State of Queensland 2019</gco:CharacterString>
          </useLimitation>
        </MD_Constraints>
      </resourceConstraints>
      <resourceConstraints>
        <MD_LegalConstraints>
          <useLimitation>
            <gco:CharacterString>This material is licensed under a Creative Commons - Attribution 4.0 Australia licence. The Department requests attribution in the following manner: Copyright State of Queensland (Department of Environment and Science) 2018. Updated data available at http://qldspatial.information.qld.gov.au/catalogue/</gco:CharacterString>
          </useLimitation>
          <useConstraints>
            <MD_RestrictionCode codeList="http://www.isotc211.org/2005/resources/Codelist/gmxCodelists.xml#MD_RestrictionCode" codeListValue="license" codeSpace="ISOTC211/19115">license</MD_RestrictionCode>
          </useConstraints>
        </MD_LegalConstraints>
      </resourceConstraints>
      <resourceConstraints>
        <MD_LegalConstraints>
          <useLimitation>
            <gco:CharacterString>The Australian Collaborative Land Use and Management Program (ACLUMP) publishes land use information (including location and extent) by assigning a land use code to features (subject to mapping scale limitations). Under version 8 of the Australian Land Use and Management (ALUM) Classification, land use can include commodity type and management practice information. Sources used to compile this information include remotely sensed data, state and national ancillary datasets, field observation and expert opinion. No personal or confidential information is collected as part of the land use mapping process nor contained within the land use datasets. 

While every care is taken to ensure the accuracy of this information, Queensland Government makes no representations or warranties about its accuracy, reliability, completeness or suitability for any particular purpose and disclaims all responsibility and all liability (including without limitation, liability in negligence) for all expenses, losses, damages (including indirect or consequential damage) and costs which might be incurred as a result of the information being inaccurate or incomplete in any way and for any reason.

© The State of Queensland 2019</gco:CharacterString>
          </useLimitation>
        </MD_LegalConstraints>
      </resourceConstraints>
      <resourceConstraints>
        <MD_SecurityConstraints>
          <classification>
            <MD_ClassificationCode codeList="http://www.isotc211.org/2005/resources/Codelist/gmxCodelists.xml#MD_ClassificationCode" codeListValue="unclassified" codeSpace="ISOTC211/19115">unclassified</MD_ClassificationCode>
          </classification>
          <userNote>
            <gco:CharacterString>This material is licensed under a Creative Commons - Attribution 4.0 Australia licence. The Department requests attribution in the following manner: Copyright State of Queensland (Department of Environment and Science) 2018. Updated data available at http://qldspatial.information.qld.gov.au/catalogue/</gco:CharacterString>
          </userNote>
          <classificationSystem>
            <gco:CharacterString>ISO 19115 (mapped from Qld Govt Information Security Standard IS18)</gco:CharacterString>
          </classificationSystem>
        </MD_SecurityConstraints>
      </resourceConstraints>
      <aggregationInfo>
        <MD_AggregateInformation>
          <aggregateDataSetIdentifier>
            <MD_Identifier>
              <authority>
                <CI_Citation>
                  <title>
                    <gco:CharacterString>Spatial Information Resource (SIR) Feature Class</gco:CharacterString>
                  </title>
                  <date>
                    <CI_Date>
                      <date>
                        <gco:Date>2018-03-19</gco:Date>
                      </date>
                      <dateType>
                        <CI_DateTypeCode codeList="http://www.isotc211.org/2005/resources/Codelist/gmxCodelists.xml#CI_DateTypeCode" codeListValue="publication" codeSpace="ISOTC211/19115">publication</CI_DateTypeCode>
                      </dateType>
                    </CI_Date>
                  </date>
                </CI_Citation>
              </authority>
              <code>
                <gco:CharacterString>RSC.QLD_LANDUSE_CURRENT_X\RSC.QLD_LANDUSE_CURRENT_X</gco:CharacterString>
              </code>
            </MD_Identifier>
          </aggregateDataSetIdentifier>
          <associationType>
            <DS_AssociationTypeCode codeList="http://www.isotc211.org/2005/resources/Codelist/gmxCodelists.xml#DS_AssociationTypeCode" codeListValue="source" codeSpace="ISOTC211/19115">source</DS_AssociationTypeCode>
          </associationType>
        </MD_AggregateInformation>
      </aggregationInfo>
      <spatialRepresentationType>
        <MD_SpatialRepresentationTypeCode codeList="http://www.isotc211.org/2005/resources/Codelist/gmxCodelists.xml#MD_SpatialRepresentationTypeCode" codeListValue="vector" codeSpace="ISOTC211/19115">vector</MD_SpatialRepresentationTypeCode>
      </spatialRepresentationType>
      <spatialResolution>
        <MD_Resolution>
          <equivalentScale>
            <MD_RepresentativeFraction>
              <denominator>
                <gco:Integer>50000</gco:Integer>
              </denominator>
            </MD_RepresentativeFraction>
          </equivalentScale>
        </MD_Resolution>
      </spatialResolution>
      <spatialResolution>
        <MD_Resolution>
          <distance>
            <gco:Distance uom="m">50</gco:Distance>
          </distance>
        </MD_Resolution>
      </spatialResolution>
      <language>
        <LanguageCode codeList="http://www.loc.gov/standards/iso639-2/php/code_list.php" codeListValue="eng" codeSpace="ISO639-2">eng</LanguageCode>
      </language>
      <characterSet>
        <MD_CharacterSetCode codeList="http://www.isotc211.org/2005/resources/Codelist/gmxCodelists.xml#MD_CharacterSetCode" codeListValue="utf8" codeSpace="ISOTC211/19115">utf8</MD_CharacterSetCode>
      </characterSet>
      <topicCategory>
        <MD_TopicCategoryCode>utilitiesCommunication</MD_TopicCategoryCode>
      </topicCategory>
      <topicCategory>
        <MD_TopicCategoryCode>health</MD_TopicCategoryCode>
      </topicCategory>
      <topicCategory>
        <MD_TopicCategoryCode>farming</MD_TopicCategoryCode>
      </topicCategory>
      <topicCategory>
        <MD_TopicCategoryCode>structure</MD_TopicCategoryCode>
      </topicCategory>
      <topicCategory>
        <MD_TopicCategoryCode>environment</MD_TopicCategoryCode>
      </topicCategory>
      <topicCategory>
        <MD_TopicCategoryCode>transportation</MD_TopicCategoryCode>
      </topicCategory>
      <topicCategory>
        <MD_TopicCategoryCode>inlandWaters</MD_TopicCategoryCode>
      </topicCategory>
      <topicCategory>
        <MD_TopicCategoryCode>imageryBaseMapsEarthCover</MD_TopicCategoryCode>
      </topicCategory>
      <topicCategory>
        <MD_TopicCategoryCode>planningCadastre</MD_TopicCategoryCode>
      </topicCategory>
      <environmentDescription>
        <gco:CharacterString> Version 6.2 (Build 9200) ; Esri ArcGIS 10.6.1.9273</gco:CharacterString>
      </environmentDescription>
      <extent>
        <EX_Extent>
          <geographicElement>
            <EX_GeographicBoundingBox>
              <extentTypeCode>
                <gco:Boolean>true</gco:Boolean>
              </extentTypeCode>
              <westBoundLongitude>
                <gco:Decimal>137.244792</gco:Decimal>
              </westBoundLongitude>
              <eastBoundLongitude>
                <gco:Decimal>154.104564</gco:Decimal>
              </eastBoundLongitude>
              <southBoundLatitude>
                <gco:Decimal>-30.308293</gco:Decimal>
              </southBoundLatitude>
              <northBoundLatitude>
                <gco:Decimal>-8.177429</gco:Decimal>
              </northBoundLatitude>
            </EX_GeographicBoundingBox>
          </geographicElement>
        </EX_Extent>
      </extent>
      <supplementalInformation>
        <gco:CharacterString>The dataset is a product of the Queensland Land use Mapping Program (QLUMP) and was produced by the Queensland Government. The dataset comprises an ESRI vector geodatabase (10.5.6491) at a nominal scale of 1:50,000. The layer is a polygon dataset with each feature having attributes describing land use. Land use is classified according to the Australian Land Use and Management Classification (ALUMC) Version 8, October 2016. Five primary classes are identified in order of increasing levels of intervention or potential impact on the natural landscape. Water is included separately as a sixth primary class. Under the three-level hierarchical structure, the minimum attribution level for land use mapping in Queensland is secondary land use. Primary and secondary levels relate to land use (i.e. the principal use of the land in terms of the objectives of the land manager). The tertiary level includes data on commodities or vegetation, (e.g. crops such as cereals and oil seeds). Where required and possible, attribution is performed to tertiary level. QLUMP maps the land use classes of sugar and cotton consistently to tertiary level. Under ACLUMP version 8, we have also mapped all conservation, intensive animal husbandry, residential, services, utilities, and transport and communication land use classes to tertiary level. Since 2015, QLUMP includes commodity level classification of banana, avocado, macadamia and mango orchards (dryland and irrigated). Refer to the contact position for additional information regarding source data. Further information relating to land use mapping can be found at http://www.qld.gov.au/environment/land/vegetation/mapping/qlump/ and http://www.agriculture.gov.au/abares/aclump/land-use/.</gco:CharacterString>
      </supplementalInformation>
    </MD_DataIdentification>
  </identificationInfo>
  <distributionInfo>
    <MD_Distribution>
      <distributionFormat>
        <MD_Format>
          <name>
            <gco:CharacterString>SDE Feature Class</gco:CharacterString>
          </name>
          <version>
            <gco:CharacterString>2.0</gco:CharacterString>
          </version>
          <specification>
            <gco:CharacterString>Download Service</gco:CharacterString>
          </specification>
        </MD_Format>
      </distributionFormat>
      <distributionFormat>
        <MD_Format>
          <name>
            <gco:CharacterString>SDE Feature Class</gco:CharacterString>
          </name>
          <version>
            <gco:CharacterString>10.5.0</gco:CharacterString>
          </version>
        </MD_Format>
      </distributionFormat>
      <distributor>
        <MD_Distributor>
          <distributorContact>
            <CI_ResponsibleParty>
              <individualName>
                <gco:CharacterString>Senior Spatial Information Officer (Product Delivery)</gco:CharacterString>
              </individualName>
              <organisationName>
                <gco:CharacterString>Department of Natural Resources and Mines</gco:CharacterString>
              </organisationName>
              <positionName>
                <gco:CharacterString>Client Outcomes (Product Delivery)</gco:CharacterString>
              </positionName>
              <contactInfo>
                <CI_Contact>
                  <phone>
                    <CI_Telephone>
                      <voice>
                        <gco:CharacterString>(07) 3405 0985</gco:CharacterString>
                      </voice>
                    </CI_Telephone>
                  </phone>
                  <address>
                    <CI_Address>
                      <country>
                        <Country codeList="http://www.iso.org/iso/country_codes/iso_3166_code_lists.htm" codeListValue="AU" codeSpace="ISO3166-1">AU</Country>
                      </country>
                      <electronicMailAddress>
                        <gco:CharacterString>Discovery@dnrme.qld.gov.au</gco:CharacterString>
                      </electronicMailAddress>
                    </CI_Address>
                  </address>
                </CI_Contact>
              </contactInfo>
              <role>
                <CI_RoleCode codeList="http://www.isotc211.org/2005/resources/Codelist/gmxCodelists.xml#CI_RoleCode" codeListValue="distributor" codeSpace="ISOTC211/19115">distributor</CI_RoleCode>
              </role>
            </CI_ResponsibleParty>
          </distributorContact>
          <distributionOrderProcess>
            <MD_StandardOrderProcess>
              <orderingInstructions>
                <gco:CharacterString>Open the Queensland Spatial Catalogue (QSpatial). Select the large SEARCH button and all available records are displayed. Select one of the four filter options provided and then the further options within the filter. The resultant search is then displayed. Select your record and complete the order.</gco:CharacterString>
              </orderingInstructions>
            </MD_StandardOrderProcess>
          </distributionOrderProcess>
          <distributorFormat>
            <MD_Format>
              <name>
                <gco:CharacterString>QS Name</gco:CharacterString>
              </name>
              <version>
                <gco:CharacterString>2.0</gco:CharacterString>
              </version>
              <specification>
                <gco:CharacterString>Download Service</gco:CharacterString>
              </specification>
            </MD_Format>
          </distributorFormat>
          <distributorTransferOptions>
            <MD_DigitalTransferOptions>
              <unitsOfDistribution>
                <gco:CharacterString>Whole of dataset, although clipped areas are available through QSpatial</gco:CharacterString>
              </unitsOfDistribution>
              <transferSize>
                <gco:Real>50</gco:Real>
              </transferSize>
              <onLine>
                <CI_OnlineResource>
                  <linkage>
                    <URL>http://qldspatial.information.qld.gov.au/catalogue/custom/search.page?q=%22Land%20use%20mapping%22</URL>
                  </linkage>
                </CI_OnlineResource>
              </onLine>
            </MD_DigitalTransferOptions>
          </distributorTransferOptions>
        </MD_Distributor>
      </distributor>
      <transferOptions>
        <MD_DigitalTransferOptions>
          <onLine>
            <CI_OnlineResource>
              <linkage>
                <URL>http://insite2.dnr.qld.gov.au/nr_sciences/sir/sir_connect.html</URL>
              </linkage>
            </CI_OnlineResource>
          </onLine>
        </MD_DigitalTransferOptions>
      </transferOptions>
    </MD_Distribution>
  </distributionInfo>
  <dataQualityInfo>
    <DQ_DataQuality>
      <scope>
        <DQ_Scope>
          <level>
            <MD_ScopeCode codeList="http://www.isotc211.org/2005/resources/Codelist/gmxCodelists.xml#MD_ScopeCode" codeListValue="dataset" codeSpace="ISOTC211/19115">dataset</MD_ScopeCode>
          </level>
        </DQ_Scope>
      </scope>
      <report>
        <DQ_CompletenessOmission>
          <measureDescription>
            <gco:CharacterString>Completeness of coverage: All spatial and attribute data are complete for the entire dataset. Completeness of classification: Land use features were captured from a range of source data. Mapping from satellite imagery was generally undertaken to the smallest discrete unit able to be visually interpreted using the visual cues of colour, texture and pattern (approximately one hectare). Land use information from ancillary datasets was captured at the scale of the source data. The resulting land use dataset therefore contains features at a range of scales and resolutions. To promote consistency in the way land use features are handled and represented, project guidelines specify minimum data resolution standards appropriate to various mapping scales. At a scale of 1:50,000 the surface area of the smallest mapped feature is two hectares and minimum width for linear features is 50 metres. Land use classes were assigned according to the Australian Land Use and Management Classification Version 8, October 2016 (Australian Bureau of Agriculture and Resource Economics and Sciences, 2016).</gco:CharacterString>
          </measureDescription>
          <evaluationMethodType>
            <DQ_EvaluationMethodTypeCode codeList="http://www.isotc211.org/2005/resources/Codelist/gmxCodelists.xml#DQ_EvaluationMethodTypeCode" codeListValue="directInternal" codeSpace="ISOTC211/19115">directInternal</DQ_EvaluationMethodTypeCode>
          </evaluationMethodType>
          <evaluationMethodDescription>
            <gco:CharacterString>To ensure the completeness of the data, the topology rules of "Must Not Overlap" and "Must Not Have Gaps" are valid.</gco:CharacterString>
          </evaluationMethodDescription>
          <result>
            <DQ_ConformanceResult>
              <specification>
                <CI_Citation>
                  <title>
                    <gco:CharacterString>The data is to a standard determined as fit for the purpose for which it was collected.</gco:CharacterString>
                  </title>
                  <date>
                    <CI_Date>
                      <date>
                        <gco:Date>2018-03-19</gco:Date>
                      </date>
                      <dateType>
                        <CI_DateTypeCode codeList="http://www.isotc211.org/2005/resources/Codelist/gmxCodelists.xml#CI_DateTypeCode" codeListValue="publication" codeSpace="ISOTC211/19115">publication</CI_DateTypeCode>
                      </dateType>
                    </CI_Date>
                  </date>
                </CI_Citation>
              </specification>
              <explanation>
                <gco:CharacterString>The data is to a standard determined as fit for the purpose for which it was collected.</gco:CharacterString>
              </explanation>
              <pass>
                <gco:Boolean>true</gco:Boolean>
              </pass>
            </DQ_ConformanceResult>
          </result>
        </DQ_CompletenessOmission>
      </report>
      <report>
        <DQ_ConceptualConsistency>
          <measureDescription>
            <gco:CharacterString>Delineation of land use attributes was based on visual interpretation of multi-temporal Landsat, SPOT6 and SPOT7 satellite imagery, Earth-i imagery, Planet imagery, high-res ortho photography, scanned aerial photography as well as ancillary data sets containing land use information, field observations and personal communication with regional Queensland Government staff. Assignment of land use classes was based on ALUMC Version 8 (October 2016).</gco:CharacterString>
          </measureDescription>
          <evaluationMethodDescription>
            <gco:CharacterString>An independent accuracy assessment of the completed dataset was undertaken using a modified version of the methods described in "Guidelines for land use mapping in Australia: principles, procedures and definitions", 4th edition, 2011 (ABARES).</gco:CharacterString>
          </evaluationMethodDescription>
          <result>
            <DQ_ConformanceResult>
              <specification>
                <CI_Citation>
                  <title>
                    <gco:CharacterString>Each region or catchment have independant accuracy assessments and have an accuracy of at least 80%. See the full accuracy assessment in the report as: https://www.qld.gov.au/environment/land/vegetation/mapping/qlump-reports/. Points were assessed based on a stratified random sampling strategy, using the map classes (area and frequency) as the strata. The column prop (%) is the relative proportion in area of the classes that were assessed, not of the region as a whole. Note also that the Grazing modified pastures (dryland 3.2.0 and irrigated 4.2.0) were excluded from the validation as identifying and separating these using imagery, aerial photography and field observation is known to be unreliable.</gco:CharacterString>
                  </title>
                  <date>
                    <CI_Date>
                      <date>
                        <gco:Date>2018-03-19</gco:Date>
                      </date>
                      <dateType>
                        <CI_DateTypeCode codeList="http://www.isotc211.org/2005/resources/Codelist/gmxCodelists.xml#CI_DateTypeCode" codeListValue="publication" codeSpace="ISOTC211/19115">publication</CI_DateTypeCode>
                      </dateType>
                    </CI_Date>
                  </date>
                </CI_Citation>
              </specification>
              <explanation>
                <gco:CharacterString>The data is to a standard determined as fit for the purpose for which it was collected.</gco:CharacterString>
              </explanation>
              <pass>
                <gco:Boolean>true</gco:Boolean>
              </pass>
            </DQ_ConformanceResult>
          </result>
        </DQ_ConceptualConsistency>
      </report>
      <report>
        <DQ_AbsoluteExternalPositionalAccuracy>
          <measureDescription>
            <gco:CharacterString>Land use polygons were derived from datasets with a range of scales, as well as on-screen hand digitising from imagery. The positional accuracy of source datasets was variable ranging from approximately 25 metres for information derived from 1:50,000 scale datasets, to 50 metres for information derived from 1:100,000 scale datasets. Hand digitising was undertaken to an error of approximately one millimetre (50 metres at map scale). Where there were inconsistencies between polygon boundaries defined by source datasets (vector coverages) and imagery, they were adjusted to conform to the imagery as this was considered to have higher positional accuracy.</gco:CharacterString>
          </measureDescription>
          <evaluationMethodType>
            <DQ_EvaluationMethodTypeCode codeList="http://www.isotc211.org/2005/resources/Codelist/gmxCodelists.xml#DQ_EvaluationMethodTypeCode" codeListValue="directInternal" codeSpace="ISOTC211/19115">directInternal</DQ_EvaluationMethodTypeCode>
          </evaluationMethodType>
          <evaluationMethodDescription>
            <gco:CharacterString>An independent accuracy assessment of the completed dataset was undertaken using a modified version of the methods described in "Guidelines for land use mapping in Australia: principles, procedures and definitions", 4th edition, 2011 (ABARES).</gco:CharacterString>
          </evaluationMethodDescription>
          <result>
            <DQ_ConformanceResult>
              <specification>
                <CI_Citation>
                  <title>
                    <gco:CharacterString>Each region or catchment have independant accuracy assessments and have an accuracy of at least 80%. See the full accuracy assessment in the report as: https://www.qld.gov.au/environment/land/vegetation/mapping/qlump-reports/. Points were defined based on a stratified random sampling strategy, using the map classes (area and frequency) as the strata. The column prop (%) is the relative proportion in area of the classes that were assessed, not of the region as a whole. Note also that the Grazing modified pastures (dryland 3.2.0 and irrigated 4.2.0) were excluded from the validation as identifying and separating these using imagery, aerial photography and field observation is known to be unreliable.</gco:CharacterString>
                  </title>
                  <date>
                    <CI_Date>
                      <date>
                        <gco:Date>2018-03-19</gco:Date>
                      </date>
                      <dateType>
                        <CI_DateTypeCode codeList="http://www.isotc211.org/2005/resources/Codelist/gmxCodelists.xml#CI_DateTypeCode" codeListValue="publication" codeSpace="ISOTC211/19115">publication</CI_DateTypeCode>
                      </dateType>
                    </CI_Date>
                  </date>
                </CI_Citation>
              </specification>
              <explanation>
                <gco:CharacterString>The data is to a standard determined as fit for the purpose for which it was collected.</gco:CharacterString>
              </explanation>
              <pass>
                <gco:Boolean>true</gco:Boolean>
              </pass>
            </DQ_ConformanceResult>
          </result>
        </DQ_AbsoluteExternalPositionalAccuracy>
      </report>
      <report>
        <DQ_QuantitativeAttributeAccuracy>
          <measureDescription>
            <gco:CharacterString>Several classes were highlighted as being susceptible to misclassification and issues arose which increased uncertainty in others. Livestock grazing occurs on a range of pasture types including native and exotic as well as mixtures of both. Identifying and separating these using imagery, aerial photography and field observation is difficult and unreliable. Areas of pasture which appeared to be harvested for fodder or grazed often were mapped as Cropping (3.3.0). This may contribute to an over-estimation of cropping in the region. Other areas mapped as grazing include road reserves, cleared and uncleared land adjacent to rivers and streams as well as land immediately adjacent to or between cropped paddocks. Other minimal use (1.3.0) and Remnant native cover (1.3.3) may also be confused with this class. The appearance of these can be highly variable and classification may therefore not be consistent. The areas mapped as cropping and irrigated cropping include features such as tracks and drainage lines which are too small to be mapped separately at the scale of 1:50,000. Guidelines for mapping the class 'Intensive animal husbandry' (5.2.0) have changed in ALUMC Version 8. Only the infrastructure associated with intensive animal production should be classified as 5.2.0 (e.g. dairy sheds, 5.2.1). The surrounding pastures should generally mapped as 'Grazing modified pastures' (3.2.0) or 'Grazing irrigated modified pastures' (4.2.0). Rural residential with Agriculture (5.4.2) areas are a source of possible error. Properties on the fringes of suburban settlements, hobby farms and subdivisions in isolated localities with comparatively small lot sizes were mapped to this class. The use of QVAS (valuation information) was useful, based on whether or not the land owner was classified as a primary producer. This class may be misclassified with Grazing native vegetation (2.1.0) and Other Minimal Use (1.3.0), especially on larger properties. The distinction between dryland and irrigated cropping (3.3.0 and 4.3.0) was not always evident and it is likely there is some misclassification in these classes. Proximity to water sources (watercourse or dam) and local knowledge was used to confirm areas of irrigation as much as possible. Areas mapped as irrigated cropping are potentially only irrigated on a supplementary basis and may not have actually been irrigated in the current mapping year. The Queensland Herbarium's wetlands dataset provided the basis for mapping marsh/wetlands (6.5.0), lakes (6.1.0) and reservoir or dams (6.2.0). The ephemeral nature of many of these can lead to confusion insofar as they may be present in imagery of one date and either absent or of differing extent in imagery of subsequent or previous dates. For this reason, only wetlands, lakes and dams that were commonly or permanently inundated were included in the dataset. As a result, there is likely to be errors &amp; omissions and some disagreement in the mapping of features such as farm dams, reservoirs, lakes, wetlands &amp; other water features. Many water features whilst exceeding the minimum mappable area requirements, do not meet the criteria for linear or uniform features. The land use datasets are a snapshot of what was interpreted as the primary land use for a particular year. However, effort was given to distinguishing between an actual land use change and a rotation. For example, an area that is usually cropped, but is not used for that particular purpose in the year of interest, was still mapped as cropping even though no crop was present in that year. This was not considered an actual land use change, but rather a rotation, as the primary land use for that paddock would still be cropping. The revised land use mapping has been improved through the interpretation of the most suitable imagery available. On occasion this will be Landsat (30m), which raises some uncertainty in respect of accurately classifying the intensive land use classes. The minimum mapping unit (2ha) also contributes to the uncertainty through the aggregation of otherwise individual land use features, particularly at cadastral parcel level. These limitations may therefore lead to omission and commission errors in the classification of the intensive land use classes in earlier mapping products and the land use change products which are derived from them.</gco:CharacterString>
          </measureDescription>
          <evaluationMethodDescription>
            <gco:CharacterString>An independent accuracy assessment of the completed dataset was undertaken using a modified version of the methods described in "Guidelines for land use mapping in Australia: principles, procedures and definitions", 4th edition, 2011 (ABARES).</gco:CharacterString>
          </evaluationMethodDescription>
          <result>
            <DQ_ConformanceResult>
              <specification>
                <CI_Citation>
                  <title>
                    <gco:CharacterString>Each region or catchment have independant accuracy assessments and have an accuracy of at least 80%. See the full accuracy assessment in the report as: https://www.qld.gov.au/environment/land/vegetation/mapping/qlump-reports/. Points were assessed based on a stratified random sampling strategy, using the map classes (area and frequency) as the strata. The column prop (%) is the relative proportion in area of the classes that were assessed, not of the region as a whole. Note also that the Grazing modified pastures (dryland 3.2.0 and irrigated 4.2.0) were excluded from the validation as identifying and separating these using imagery, aerial photography and field observation is known to be unreliable.</gco:CharacterString>
                  </title>
                  <date>
                    <CI_Date>
                      <date>
                        <gco:Date>2018-03-19</gco:Date>
                      </date>
                      <dateType>
                        <CI_DateTypeCode codeList="http://www.isotc211.org/2005/resources/Codelist/gmxCodelists.xml#CI_DateTypeCode" codeListValue="publication" codeSpace="ISOTC211/19115">publication</CI_DateTypeCode>
                      </dateType>
                    </CI_Date>
                  </date>
                </CI_Citation>
              </specification>
              <explanation>
                <gco:CharacterString>The data is to a standard determined as fit for the purpose for which it was collected.</gco:CharacterString>
              </explanation>
              <pass>
                <gco:Boolean>true</gco:Boolean>
              </pass>
            </DQ_ConformanceResult>
          </result>
        </DQ_QuantitativeAttributeAccuracy>
      </report>
      <report>
        <DQ_NonQuantitativeAttributeAccuracy>
          <measureDescription>
            <gco:CharacterString>Several classes were highlighted as being susceptible to misclassification and issues arose which increased uncertainty in others. Livestock grazing occurs on a range of pasture types including native and exotic as well as mixtures of both. Identifying and separating these using imagery, aerial photography and field observation is difficult and unreliable. Areas of pasture which appeared to be harvested for fodder or grazed often were mapped as Cropping (3.3.0). This may contribute to an over-estimation of cropping in the region. Other areas mapped as grazing include road reserves, cleared and uncleared land adjacent to rivers and streams as well as land immediately adjacent to or between cropped paddocks. Other minimal use (1.3.0) and Remnant native cover (1.3.3) may also be confused with this class. The appearance of these can be highly variable and classification may therefore not be consistent. The areas mapped as cropping and irrigated cropping include features such as tracks and drainage lines which are too small to be mapped separately at the scale of 1:50,000. Guidelines for mapping the class 'Intensive animal husbandry' (5.2.0) have changed in ALUMC Version 8. Only the infrastructure associated with intensive animal production should be classified as 5.2.0 (e.g. dairy sheds, 5.2.1). The surrounding pastures should generally mapped as 'Grazing modified pastures' (3.2.0) or 'Grazing irrigated modified pastures' (4.2.0). Rural residential with Agriculture (5.4.2) areas are a source of possible error. Properties on the fringes of suburban settlements, hobby farms and subdivisions in isolated localities with comparatively small lot sizes were mapped to this class. The use of QVAS (valuation information) was useful, based on whether or not the land owner was classified as a primary producer. This class may be misclassified with Grazing native vegetation (2.1.0) and Other Minimal Use (1.3.0), especially on larger properties. The distinction between dryland and irrigated cropping (3.3.0 and 4.3.0) was not always evident and it is likely there is some misclassification in these classes. Proximity to water sources (watercourse or dam) and local knowledge was used to confirm areas of irrigation as much as possible. Areas mapped as irrigated cropping are potentially only irrigated on a supplementary basis and may not have actually been irrigated in the current mapping year. The Queensland Herbarium's wetlands dataset provided the basis for mapping marsh/wetlands (6.5.0), lakes (6.1.0) and reservoir or dams (6.2.0). The ephemeral nature of many of these can lead to confusion insofar as they may be present in imagery of one date and either absent or of differing extent in imagery of subsequent or previous dates. For this reason, only wetlands, lakes and dams that were commonly or permanently inundated were included in the dataset. As a result, there is likely to be errors &amp; omissions and some disagreement in the mapping of features such as farm dams, reservoirs, lakes, wetlands &amp; other water features. Many water features whilst exceeding the minimum mappable area requirements, do not meet the criteria for linear or uniform features. The land use datasets are a snapshot of what was interpreted as the primary land use for a particular year. However, effort was given to distinguishing between an actual land use change and a rotation. For example, an area that is usually cropped, but is not used for that particular purpose in the year of interest, was still mapped as cropping even though no crop was present in that year. This was not considered an actual land use change, but rather a rotation, as the primary land use for that paddock would still be cropping. The revised land use mapping has been improved through the interpretation of the most suitable imagery available. On occasion this will be Landsat (30m), which raises some uncertainty in respect of accurately classifying the intensive land use classes. The minimum mapping unit (2ha) also contributes to the uncertainty through the aggregation of otherwise individual land use features, particularly at cadastral parcel level. These limitations may therefore lead to omission and commission errors in the classification of the intensive land use classes in earlier mapping products and the land use change products which are derived from them.</gco:CharacterString>
          </measureDescription>
          <evaluationMethodDescription>
            <gco:CharacterString>An independent accuracy assessment of the completed dataset was undertaken using a modified version of the methods described in "Guidelines for land use mapping in Australia: principles, procedures and definitions", 4th edition, 2011 (ABARES).</gco:CharacterString>
          </evaluationMethodDescription>
          <result>
            <DQ_ConformanceResult>
              <specification>
                <CI_Citation>
                  <title>
                    <gco:CharacterString>Each region or catchment have independant accuracy assessments and have an accuracy of at least 80%. See the full accuracy assessment in the report as: https://www.qld.gov.au/environment/land/vegetation/mapping/qlump-reports/. Points were assessed based on a stratified random sampling strategy, using the map classes (area and frequency) as the strata. The column prop (%) is the relative proportion in area of the classes that were assessed, not of the region as a whole. Note also that the Grazing modified pastures (dryland 3.2.0 and irrigated 4.2.0) were excluded from the validation as identifying and separating these using imagery, aerial photography and field observation is known to be unreliable.</gco:CharacterString>
                  </title>
                  <date>
                    <CI_Date>
                      <date>
                        <gco:Date>2018-03-19</gco:Date>
                      </date>
                      <dateType>
                        <CI_DateTypeCode codeList="http://www.isotc211.org/2005/resources/Codelist/gmxCodelists.xml#CI_DateTypeCode" codeListValue="publication" codeSpace="ISOTC211/19115">publication</CI_DateTypeCode>
                      </dateType>
                    </CI_Date>
                  </date>
                </CI_Citation>
              </specification>
              <explanation>
                <gco:CharacterString>The data is to a standard determined as fit for the purpose for which it was collected.</gco:CharacterString>
              </explanation>
              <pass>
                <gco:Boolean>true</gco:Boolean>
              </pass>
            </DQ_ConformanceResult>
          </result>
        </DQ_NonQuantitativeAttributeAccuracy>
      </report>
      <lineage>
        <LI_Lineage>
          <statement>
            <gco:CharacterString>The land use features were identified using satellite image and ancillary data interpretation. The mapping is verified through field mapping and/or meeting with local officers or extension officers. Validation is conducted at the desktop using a stratified random sample of points.</gco:CharacterString>
          </statement>
          <processStep>
            <LI_ProcessStep>
              <description>
                <gco:CharacterString>The existing 1999 baseline (or later where available) land use dataset (vector) formed the basis for the 2009, 2011, 2012, 2013, 2015 and 2016 land use mapping. The datasets were then updated primarily by interpretation of multi-temporal Landsat, SPOT5/6 imagery, Earth-i imagery, Planet imagery, high-res orthophotography, scanned aerial photography and inclusion of expert local knowledge. This was performed in an ESRI ArcSDE geodatabase replication infrastructure. The DCDB, QVAS, Estates, Nature Refuge, Plantation, Queensland Herbarium Wetlands, Recreation Land and other point data (piggeries, aquaculture, feedlots, poultry farms, saw mills, sugar mills and cotton gins) datasets were used to assist in identification and delineation of property and land use type boundaries. Digitised areas of uniform land use type were assigned to land use classes according to ALUMC Version 8 (October 2016). This "current" land use mapping product presents a complete state-wide land use map of Queensland, after collating the most current land use datasets within a single mapping layer. An independent validation was undertaken to assess the thematic (attribute) and spatial accuracy under the ALUM classification. Please refer to the original source data for the validation results.</gco:CharacterString>
              </description>
              <processor>
                <CI_ResponsibleParty>
                  <individualName>
                    <gco:CharacterString>Shephard Craig</gco:CharacterString>
                  </individualName>
                  <organisationName>
                    <gco:CharacterString>Remote Sensing Centre</gco:CharacterString>
                  </organisationName>
                  <positionName>
                    <gco:CharacterString>Principal Scientist</gco:CharacterString>
                  </positionName>
                  <contactInfo>
                    <CI_Contact>
                      <phone>
                        <CI_Telephone>
                          <voice>
                            <gco:CharacterString>(07) 3170 5664</gco:CharacterString>
                          </voice>
                        </CI_Telephone>
                      </phone>
                      <address>
                        <CI_Address>
                          <country>
                            <Country codeList="http://www.iso.org/iso/country_codes/iso_3166_code_lists.htm" codeListValue="AU" codeSpace="ISO3166-1">AU</Country>
                          </country>
                          <electronicMailAddress>
                            <gco:CharacterString>Craig.Shephard@qld.gov.au</gco:CharacterString>
                          </electronicMailAddress>
                        </CI_Address>
                      </address>
                    </CI_Contact>
                  </contactInfo>
                  <role>
                    <CI_RoleCode codeList="http://www.isotc211.org/2005/resources/Codelist/gmxCodelists.xml#CI_RoleCode" codeListValue="processor" codeSpace="ISOTC211/19115">processor</CI_RoleCode>
                  </role>
                </CI_ResponsibleParty>
              </processor>
              <processor>
                <CI_ResponsibleParty>
                  <individualName>
                    <gco:CharacterString>Shephard Craig</gco:CharacterString>
                  </individualName>
                  <organisationName>
                    <gco:CharacterString>Remote Sensing Centre</gco:CharacterString>
                  </organisationName>
                  <positionName>
                    <gco:CharacterString>Principal Scientist</gco:CharacterString>
                  </positionName>
                  <contactInfo>
                    <CI_Contact>
                      <phone>
                        <CI_Telephone>
                          <voice>
                            <gco:CharacterString>(07) 3170 5664</gco:CharacterString>
                          </voice>
                        </CI_Telephone>
                      </phone>
                      <address>
                        <CI_Address>
                          <country>
                            <Country codeList="http://www.iso.org/iso/country_codes/iso_3166_code_lists.htm" codeListValue="AU" codeSpace="ISO3166-1">AU</Country>
                          </country>
                          <electronicMailAddress>
                            <gco:CharacterString>Craig.Shephard@qld.gov.au</gco:CharacterString>
                          </electronicMailAddress>
                        </CI_Address>
                      </address>
                    </CI_Contact>
                  </contactInfo>
                  <role>
                    <CI_RoleCode codeList="http://www.isotc211.org/2005/resources/Codelist/gmxCodelists.xml#CI_RoleCode" codeListValue="custodian" codeSpace="ISOTC211/19115">custodian</CI_RoleCode>
                  </role>
                </CI_ResponsibleParty>
              </processor>
            </LI_ProcessStep>
          </processStep>
          <source>
            <LI_Source>
              <description>
                <gco:CharacterString>Queensland Government Land use mapping; Landsat TM, ETM+ and OLI imagery; Spot5/6/7 imagery; Earth-i imagery; Planet imagery; High-res ortho photography through the Spatial Imagery Subscription Plan (SISP); Queensland Digital Cadastral Database (DCDB), Queensland Valuation and Sales Database (QVAS); Queensland Estates; Scanned aerial photography (1997-2017). Additional verbal &amp; written information on land uses &amp; their locations was obtained from regional Queensland Government officers, Local Government Authorities, land owners &amp; managers, private industry as well as from field observations. Other ancillary data sources include a range of existing digital datasets containing land use information from Queensland Government spatial data inventory and prepared for use in a GIS using ArcGIS.</gco:CharacterString>
              </description>
            </LI_Source>
          </source>
        </LI_Lineage>
      </lineage>
    </DQ_DataQuality>
  </dataQualityInfo>
  <metadataConstraints>
    <MD_SecurityConstraints>
      <useLimitation>
        <gco:CharacterString>Public</gco:CharacterString>
      </useLimitation>
      <classification>
        <MD_ClassificationCode codeList="http://www.isotc211.org/2005/resources/Codelist/gmxCodelists.xml#MD_ClassificationCode" codeListValue="unclassified" codeSpace="ISOTC211/19115">unclassified</MD_ClassificationCode>
      </classification>
      <classificationSystem>
        <gco:CharacterString>Metadata Access Level</gco:CharacterString>
      </classificationSystem>
    </MD_SecurityConstraints>
  </metadataConstraints>
  <metadataMaintenance>
    <MD_MaintenanceInformation>
      <maintenanceAndUpdateFrequency>
        <MD_MaintenanceFrequencyCode codeList="http://www.isotc211.org/2005/resources/Codelist/gmxCodelists.xml#MD_MaintenanceFrequencyCode" codeListValue="asNeeded" codeSpace="ISOTC211/19115">asNeeded</MD_MaintenanceFrequencyCode>
      </maintenanceAndUpdateFrequency>
    </MD_MaintenanceInformation>
  </metadataMaintenance>
</MD_Metadata>