﻿<MD_Metadata xmlns="http://www.isotc211.org/2005/gmd" xmlns:gco="http://www.isotc211.org/2005/gco" xmlns:gts="http://www.isotc211.org/2005/gts" xmlns:srv="http://www.isotc211.org/2005/srv" xmlns:gml="http://www.opengis.net/gml" xmlns:xlink="http://www.w3.org/1999/xlink" xmlns:xsi="http://www.w3.org/2001/XMLSchema-instance">
  <fileIdentifier>
    <gco:CharacterString>814DB92D-3996-4A0F-9334-0C7EF09F4479</gco:CharacterString>
  </fileIdentifier>
  <language>
    <LanguageCode codeList="http://www.loc.gov/standards/iso639-2/php/code_list.php" codeListValue="eng" codeSpace="ISO639-2">eng</LanguageCode>
  </language>
  <characterSet>
    <MD_CharacterSetCode codeList="http://www.isotc211.org/2005/resources/Codelist/gmxCodelists.xml#MD_CharacterSetCode" codeListValue="utf8" codeSpace="ISOTC211/19115">utf8</MD_CharacterSetCode>
  </characterSet>
  <hierarchyLevel>
    <MD_ScopeCode codeList="http://www.isotc211.org/2005/resources/Codelist/gmxCodelists.xml#MD_ScopeCode" codeListValue="dataset" codeSpace="ISOTC211/19115">dataset</MD_ScopeCode>
  </hierarchyLevel>
  <hierarchyLevelName>
    <gco:CharacterString>dataset</gco:CharacterString>
  </hierarchyLevelName>
  <contact>
    <CI_ResponsibleParty>
      <individualName>
        <gco:CharacterString>Deanna Van Den Berg</gco:CharacterString>
      </individualName>
      <organisationName>
        <gco:CharacterString>Department of Science, Information Technology, Innovation and the Arts </gco:CharacterString>
      </organisationName>
      <positionName>
        <gco:CharacterString>Scientist</gco:CharacterString>
      </positionName>
      <contactInfo>
        <CI_Contact>
          <address>
            <CI_Address>
              <country>
                <Country codeList="http://www.iso.org/iso/country_codes/iso_3166_code_lists.htm" codeListValue="AU" codeSpace="ISO3166-1">AU</Country>
              </country>
              <electronicMailAddress>
                <gco:CharacterString>Deanna.Vandenberg@science.dsitia.qld.gov.au </gco:CharacterString>
              </electronicMailAddress>
            </CI_Address>
          </address>
        </CI_Contact>
      </contactInfo>
      <role>
        <CI_RoleCode codeList="http://www.isotc211.org/2005/resources/Codelist/gmxCodelists.xml#CI_RoleCode" codeListValue="processor" codeSpace="ISOTC211/19115">processor</CI_RoleCode>
      </role>
    </CI_ResponsibleParty>
  </contact>
  <dateStamp>
    <gco:Date>2017-08-03</gco:Date>
  </dateStamp>
  <metadataStandardName>
    <gco:CharacterString>ISO 19139 Geographic Information - Metadata - Implementation Specification</gco:CharacterString>
  </metadataStandardName>
  <metadataStandardVersion>
    <gco:CharacterString>2007</gco:CharacterString>
  </metadataStandardVersion>
  <referenceSystemInfo>
    <MD_ReferenceSystem>
      <referenceSystemIdentifier>
        <RS_Identifier>
          <code>
            <gco:CharacterString>0</gco:CharacterString>
          </code>
        </RS_Identifier>
      </referenceSystemIdentifier>
    </MD_ReferenceSystem>
  </referenceSystemInfo>
  <identificationInfo>
    <MD_DataIdentification>
      <citation>
        <CI_Citation>
          <title>
            <gco:CharacterString>Queensland 2011 Foliage Projective Cover Wooded Vegetation</gco:CharacterString>
          </title>
          <alternateTitle>
            <gco:CharacterString>SIRQRY.QLD_FPC_WOODED_VEGETATION_X</gco:CharacterString>
          </alternateTitle>
          <date>
            <CI_Date>
              <date>
                <gco:Date>2011-12-31</gco:Date>
              </date>
              <dateType>
                <CI_DateTypeCode codeList="http://www.isotc211.org/2005/resources/Codelist/gmxCodelists.xml#CI_DateTypeCode" codeListValue="publication" codeSpace="ISOTC211/19115">publication</CI_DateTypeCode>
              </dateType>
            </CI_Date>
          </date>
          <citedResponsibleParty>
            <CI_ResponsibleParty>
              <organisationName>
                <gco:CharacterString>Department of Science, Information Technology, Innovation and the Arts</gco:CharacterString>
              </organisationName>
              <role>
                <CI_RoleCode codeList="http://www.isotc211.org/2005/resources/Codelist/gmxCodelists.xml#CI_RoleCode" codeListValue="originator" codeSpace="ISOTC211/19115">originator</CI_RoleCode>
              </role>
            </CI_ResponsibleParty>
          </citedResponsibleParty>
          <presentationForm>
            <CI_PresentationFormCode codeList="http://www.isotc211.org/2005/resources/Codelist/gmxCodelists.xml#CI_PresentationFormCode" codeListValue="tableDigital" codeSpace="ISOTC211/19115">tableDigital</CI_PresentationFormCode>
          </presentationForm>
        </CI_Citation>
      </citation>
      <abstract>
        <gco:CharacterString>Foliage Projective Cover (FPC) is the percentage of ground area occupied by the vertical projection of foliage. The Remote Sensing Centre FPC mapping is based on an automated decision tree classification technique applied to dry season (May to October) Landsat 5 TM imagery for the period 1986-2011. The product has a nominal accuracy of 85%. The field data used to calibrate the imagery/FPC relationship was mostly collected over the period 1996-1999. Additional corrections were also applied to the final product to remove errors due to topographic effects, cloud, cloud shadow, water, cropping, regrowth and wooded vegetation clearing. Some errors may remain. This product has more precise FPC predictions than previous versions. The analysis has been completed on each of 90 satellite scenes. While some land cover change may be detected in the FPC processing, this product is not designed to generate clearing layers, and cannot be used to assess clearing or be compared with previous years for change monitoring. The Statewide Landcover and Trees Study (SLATS) produces accurate clearing layers for this purpose.</gco:CharacterString>
      </abstract>
      <purpose>
        <gco:CharacterString>Remote Sensing Centre (RSC) 2011 Wooded Extent and Overstorey Foliage Projective Cover (FPC)</gco:CharacterString>
      </purpose>
      <status>
        <MD_ProgressCode codeList="http://www.isotc211.org/2005/resources/Codelist/gmxCodelists.xml#MD_ProgressCode" codeListValue="completed" codeSpace="ISOTC211/19115">completed</MD_ProgressCode>
      </status>
      <pointOfContact>
        <CI_ResponsibleParty>
          <individualName>
            <gco:CharacterString>Dan Tindall</gco:CharacterString>
          </individualName>
          <organisationName>
            <gco:CharacterString>Department of Science, Information Technology, Innovation, and the Arts</gco:CharacterString>
          </organisationName>
          <positionName>
            <gco:CharacterString>Principal Scientist (Remote Sensing)</gco:CharacterString>
          </positionName>
          <contactInfo>
            <CI_Contact>
              <address>
                <CI_Address>
                  <country>
                    <Country codeList="http://www.iso.org/iso/country_codes/iso_3166_code_lists.htm" codeListValue="AU" codeSpace="ISO3166-1">AU</Country>
                  </country>
                  <electronicMailAddress>
                    <gco:CharacterString>Daniel.Tindall@qld.gov.au</gco:CharacterString>
                  </electronicMailAddress>
                </CI_Address>
              </address>
            </CI_Contact>
          </contactInfo>
          <role>
            <CI_RoleCode codeList="http://www.isotc211.org/2005/resources/Codelist/gmxCodelists.xml#CI_RoleCode" codeListValue="pointOfContact" codeSpace="ISOTC211/19115">pointOfContact</CI_RoleCode>
          </role>
        </CI_ResponsibleParty>
      </pointOfContact>
      <resourceMaintenance>
        <MD_MaintenanceInformation>
          <maintenanceAndUpdateFrequency>
            <MD_MaintenanceFrequencyCode codeList="http://www.isotc211.org/2005/resources/Codelist/gmxCodelists.xml#MD_MaintenanceFrequencyCode" codeListValue="annually" codeSpace="ISOTC211/19115">annually</MD_MaintenanceFrequencyCode>
          </maintenanceAndUpdateFrequency>
        </MD_MaintenanceInformation>
      </resourceMaintenance>
      <descriptiveKeywords>
        <MD_Keywords>
          <keyword>
            <gco:CharacterString>State or Territory</gco:CharacterString>
          </keyword>
          <type>
            <MD_KeywordTypeCode codeList="http://www.isotc211.org/2005/resources/Codelist/gmxCodelists.xml#MD_KeywordTypeCode" codeListValue="place" codeSpace="ISOTC211/19115">place</MD_KeywordTypeCode>
          </type>
          <thesaurusName>
            <CI_Citation>
              <title>
                <gco:CharacterString>ANZLIC GEN</gco:CharacterString>
              </title>
              <date gco:nilReason="missing" />
            </CI_Citation>
          </thesaurusName>
        </MD_Keywords>
      </descriptiveKeywords>
      <descriptiveKeywords>
        <MD_Keywords>
          <keyword>
            <gco:CharacterString>imageryBaseMapsEarthCover</gco:CharacterString>
          </keyword>
          <type>
            <MD_KeywordTypeCode codeList="http://www.isotc211.org/2005/resources/Codelist/gmxCodelists.xml#MD_KeywordTypeCode" codeListValue="theme" codeSpace="ISOTC211/19115">theme</MD_KeywordTypeCode>
          </type>
          <thesaurusName>
            <CI_Citation>
              <title>
                <gco:CharacterString>ISO 19115 Topic Category</gco:CharacterString>
              </title>
              <date gco:nilReason="missing" />
            </CI_Citation>
          </thesaurusName>
        </MD_Keywords>
      </descriptiveKeywords>
      <descriptiveKeywords>
        <MD_Keywords>
          <keyword>
            <gco:CharacterString>PHOTOGRAPHY AND IMAGERY Satellite</gco:CharacterString>
          </keyword>
          <type>
            <MD_KeywordTypeCode codeList="http://www.isotc211.org/2005/resources/Codelist/gmxCodelists.xml#MD_KeywordTypeCode" codeListValue="theme" codeSpace="ISOTC211/19115">theme</MD_KeywordTypeCode>
          </type>
          <thesaurusName>
            <CI_Citation>
              <title>
                <gco:CharacterString>ANZLIC</gco:CharacterString>
              </title>
              <date gco:nilReason="missing" />
            </CI_Citation>
          </thesaurusName>
        </MD_Keywords>
      </descriptiveKeywords>
      <descriptiveKeywords>
        <MD_Keywords>
          <keyword>
            <gco:CharacterString>Downloadable Data</gco:CharacterString>
          </keyword>
          <thesaurusName uuidref="723f6998-058e-11dc-8314-0800200c9a66" />
        </MD_Keywords>
      </descriptiveKeywords>
      <resourceConstraints>
        <MD_LegalConstraints>
          <useLimitation>
            <gco:CharacterString>While every care is taken to ensure the accuracy of this information, the Department of Science, Information Technology, Innovation and the Arts makes no representations or warranties about its accuracy, reliability, completeness or suitability for any particular purpose and disclaims all responsibility and all liability (including without limitation, liability in negligence) for all expenses, losses, damages (including indirect or consequential damage) and costs which might be incurred as a result of the information being inaccurate or incomplete in any way and for any reason. </gco:CharacterString>
          </useLimitation>
          <accessConstraints>
            <MD_RestrictionCode codeList="http://www.isotc211.org/2005/resources/Codelist/gmxCodelists.xml#MD_RestrictionCode" codeListValue="otherRestrictions" codeSpace="ISOTC211/19115">otherRestrictions</MD_RestrictionCode>
          </accessConstraints>
          <otherConstraints>
            <gco:CharacterString>Internal use only. Internal use in Government is at cost of transfer. Charges and conditions of use apply otherwise. Restricted to all levels of government and community. Dataset is available for use by government agencies, community groups and individuals under a signed license agreement.</gco:CharacterString>
          </otherConstraints>
        </MD_LegalConstraints>
      </resourceConstraints>
      <resourceConstraints>
        <MD_LegalConstraints>
          <useLimitation>
            <gco:CharacterString>Original information restricted to within all levels of Government (federal, state, local), but value-added products can be produced and distributed by all levels of Government</gco:CharacterString>
          </useLimitation>
          <useConstraints>
            <MD_RestrictionCode codeList="http://www.isotc211.org/2005/resources/Codelist/gmxCodelists.xml#MD_RestrictionCode" codeListValue="license" codeSpace="ISOTC211/19115">license</MD_RestrictionCode>
          </useConstraints>
        </MD_LegalConstraints>
      </resourceConstraints>
      <resourceConstraints>
        <MD_LegalConstraints>
          <useLimitation>
            <gco:CharacterString>© State of Queensland (Department of Science, Information Technology, Innovation and the Arts) 2013</gco:CharacterString>
          </useLimitation>
          <useConstraints>
            <MD_RestrictionCode codeList="http://www.isotc211.org/2005/resources/Codelist/gmxCodelists.xml#MD_RestrictionCode" codeListValue="copyright" codeSpace="ISOTC211/19115">copyright</MD_RestrictionCode>
          </useConstraints>
        </MD_LegalConstraints>
      </resourceConstraints>
      <resourceConstraints>
        <MD_SecurityConstraints>
          <classification>
            <MD_ClassificationCode codeList="http://www.isotc211.org/2005/resources/Codelist/gmxCodelists.xml#MD_ClassificationCode" codeListValue="unclassified" codeSpace="ISOTC211/19115">unclassified</MD_ClassificationCode>
          </classification>
        </MD_SecurityConstraints>
      </resourceConstraints>
      <aggregationInfo>
        <MD_AggregateInformation>
          <aggregateDataSetName>
            <CI_Citation>
              <title>
                <gco:CharacterString>lztmre_qld_e8810_chua0.img</gco:CharacterString>
              </title>
              <date gco:nilReason="missing" />
            </CI_Citation>
          </aggregateDataSetName>
          <associationType>
            <DS_AssociationTypeCode codeList="http://www.isotc211.org/2005/resources/Codelist/gmxCodelists.xml#DS_AssociationTypeCode" codeListValue="crossReference" codeSpace="ISOTC211/19115">crossReference</DS_AssociationTypeCode>
          </associationType>
        </MD_AggregateInformation>
      </aggregationInfo>
      <spatialRepresentationType>
        <MD_SpatialRepresentationTypeCode codeList="http://www.isotc211.org/2005/resources/Codelist/gmxCodelists.xml#MD_SpatialRepresentationTypeCode" codeListValue="grid" codeSpace="ISOTC211/19115">grid</MD_SpatialRepresentationTypeCode>
      </spatialRepresentationType>
      <language>
        <LanguageCode codeList="http://www.loc.gov/standards/iso639-2/php/code_list.php" codeListValue="eng" codeSpace="ISO639-2">eng</LanguageCode>
      </language>
      <characterSet>
        <MD_CharacterSetCode codeList="http://www.isotc211.org/2005/resources/Codelist/gmxCodelists.xml#MD_CharacterSetCode" codeListValue="utf8" codeSpace="ISOTC211/19115">utf8</MD_CharacterSetCode>
      </characterSet>
      <topicCategory>
        <MD_TopicCategoryCode>imageryBaseMapsEarthCover</MD_TopicCategoryCode>
      </topicCategory>
      <environmentDescription>
        <gco:CharacterString>Microsoft Windows 7 Version 6.1 (Build 7601) Service Pack 1; Esri ArcGIS 10.4.1.5686</gco:CharacterString>
      </environmentDescription>
      <extent>
        <EX_Extent>
          <description>
            <gco:CharacterString>publication date</gco:CharacterString>
          </description>
          <temporalElement>
            <EX_TemporalExtent>
              <extent>
                <gml:TimePeriod gml:id="ID0EKEAC">
                  <gml:beginPosition>1988-01-01T00:00:00</gml:beginPosition>
                  <gml:endPosition>2011-12-31T00:00:00</gml:endPosition>
                </gml:TimePeriod>
              </extent>
            </EX_TemporalExtent>
          </temporalElement>
        </EX_Extent>
      </extent>
      <extent>
        <EX_Extent>
          <geographicElement>
            <EX_GeographicBoundingBox>
              <extentTypeCode>
                <gco:Boolean>true</gco:Boolean>
              </extentTypeCode>
              <westBoundLongitude>
                <gco:Decimal>137.373478</gco:Decimal>
              </westBoundLongitude>
              <eastBoundLongitude>
                <gco:Decimal>154.163493</gco:Decimal>
              </eastBoundLongitude>
              <southBoundLatitude>
                <gco:Decimal>-29.318234</gco:Decimal>
              </southBoundLatitude>
              <northBoundLatitude>
                <gco:Decimal>-9.039518</gco:Decimal>
              </northBoundLatitude>
            </EX_GeographicBoundingBox>
          </geographicElement>
        </EX_Extent>
      </extent>
      <supplementalInformation>
        <gco:CharacterString>FPC is the percentage of ground area occupied by the vertical projection of foliage. Image value = FPC + 100 (i.e. FPC of 5% = image value of 105). The pixel values in the QLD_FPC_WOODED_VEGETATION_X data set represent the predicted FPC values. Range is 100-200 which is equivalent to 0-100% FPC. Values erroneously predicted above 100% or below 0% have been classed as 200 and 100 respectively. Zero values indicate null data.  

The code layer image (QLD_FPC_CODE_LAYER_X) values reflect the latest correction or prediction applied to each pixel. This includes prediction or classification by thresholds, individual date values, topographically corrected values, regrowth corrected values, and areas filled in by individual date pixels.

 
0 = Null values
1 = FPC value from the 2007 image 
2 = Predicted value from the robust regression
3 = Non-woody by regression thresholds
4 = Predicted through topographic correction
5 = Predicted through plantation correction
6 = Water in the 2007 image
7 = Persistent water through multi-date watermask
8 = Regrowth correction
9 = Crop correction
10 = Fill in using the 2007 FPC value
11 and onwards = further fill in values using available dates

A number of datasets have been used to mask out certain features from the FPC dataset: 
• Cropping and plantation areas have been masked using the 1999 Queensland Land Use Mapping Program (QLUMP) dataset 
( http://www.derm.qld.gov.au/science/lump/ ).  
• A Landsat-derived water index was used to mask water bodies from each individual FPC image (Danaher and Collett 2006). An additional mask is applied for areas with persistent inundation based on multi-temporal analysis of the water index. 
• A topographic correction based on the 1 second SRTM derived Digital Surface Model, Version 1.0, was applied to misclassified steep east-facing slopes. The SRTM data consisted of a DEM and slope layer as processed by Geosciences Australia.  
</gco:CharacterString>
      </supplementalInformation>
    </MD_DataIdentification>
  </identificationInfo>
  <distributionInfo>
    <MD_Distribution>
      <distributionFormat>
        <MD_Format>
          <name>
            <gco:CharacterString>SDE Raster Dataset</gco:CharacterString>
          </name>
          <version gco:nilReason="missing" />
        </MD_Format>
      </distributionFormat>
      <distributor>
        <MD_Distributor>
          <distributorContact>
            <CI_ResponsibleParty>
              <individualName>
                <gco:CharacterString>Senior Spatial Information Officer (Product Delivery)</gco:CharacterString>
              </individualName>
              <organisationName>
                <gco:CharacterString>Department of Natural Resources and Mines</gco:CharacterString>
              </organisationName>
              <positionName>
                <gco:CharacterString>Client Outcomes (Product Delivery)</gco:CharacterString>
              </positionName>
              <contactInfo>
                <CI_Contact>
                  <address>
                    <CI_Address>
                      <country>
                        <Country codeList="http://www.iso.org/iso/country_codes/iso_3166_code_lists.htm" codeListValue="AU" codeSpace="ISO3166-1">AU</Country>
                      </country>
                      <electronicMailAddress>
                        <gco:CharacterString>SIProductdelivery@dnrm.qld.gov.au</gco:CharacterString>
                      </electronicMailAddress>
                    </CI_Address>
                  </address>
                </CI_Contact>
              </contactInfo>
              <role>
                <CI_RoleCode codeList="http://www.isotc211.org/2005/resources/Codelist/gmxCodelists.xml#CI_RoleCode" codeListValue="distributor" codeSpace="ISOTC211/19115">distributor</CI_RoleCode>
              </role>
            </CI_ResponsibleParty>
          </distributorContact>
        </MD_Distributor>
      </distributor>
      <transferOptions>
        <MD_DigitalTransferOptions>
          <onLine>
            <CI_OnlineResource>
              <linkage>
                <URL>http://insite2.dnr.qld.gov.au/nr_sciences/sir/sir_connect.html</URL>
              </linkage>
            </CI_OnlineResource>
          </onLine>
        </MD_DigitalTransferOptions>
      </transferOptions>
    </MD_Distribution>
  </distributionInfo>
  <dataQualityInfo>
    <DQ_DataQuality>
      <scope>
        <DQ_Scope>
          <level>
            <MD_ScopeCode codeList="http://www.isotc211.org/2005/resources/Codelist/gmxCodelists.xml#MD_ScopeCode" codeListValue="dataset" codeSpace="ISOTC211/19115">dataset</MD_ScopeCode>
          </level>
        </DQ_Scope>
      </scope>
      <report>
        <DQ_ConceptualConsistency>
          <measureDescription>
            <gco:CharacterString>All areas masked as wooded have been attributed with an FPC value.</gco:CharacterString>
          </measureDescription>
          <result gco:nilReason="missing" />
        </DQ_ConceptualConsistency>
      </report>
      <report>
        <DQ_CompletenessOmission>
          <measureDescription>
            <gco:CharacterString>Areas of deep shadow on the south-eastern sides of land of high relief were unclassified. Some offshore islands including Torres Strait islands have not been included.</gco:CharacterString>
          </measureDescription>
          <result gco:nilReason="missing" />
        </DQ_CompletenessOmission>
      </report>
      <report>
        <DQ_QuantitativeAttributeAccuracy>
          <measureDescription>
            <gco:CharacterString>The final wooded extent classification model had a Kappa statistic of 85.12%. Comparison of overstorey FPC estimates with independent field estimates of perennial FPC acquired for a range of vegetation types over Queensland, show very good agreement (r2=0.84). Further independent quantitative validation of the final FPC product showed good agreement with field sites (r2 0.78) and lidar data (r2 0.93) estimates of FPC (Kitchen et al., 2010).</gco:CharacterString>
          </measureDescription>
          <evaluationMethodDescription>
            <gco:CharacterString>The following is a list of known limitations of the data. Other errors may occur in the data which are due to unknown effects.

Regrowth
• Some regrowth areas have been classified as non-woody, due to multiple clearing/regrowth events in the time series causing a low robust minimum and high standard error. 
• Some areas of green flush or crop have been incorrectly classified as wooded regrowth due to the difficulty in separating woody and herbaceous cover in the time-series data. 
• Some areas of regrowth vegetation may be missed due to the area being classified as crop (based on the 1999 QLUMP crop mask) when the land use has since changed. 

Clearing
• Some recent vegetation clearing will be classified as wooded due to higher than expected FPC observations resulting in a lower standard error and higher robust minimum FPC. Causes could be regrowth and/or green pasture cover present after the clearing event, or the presence of green foliage on trees that have been pushed over and left.
This product is not designed to be a clearing map, and cannot be used to assess clearing or be used for change monitoring.  SLATS produces accurate clearing layers for this purpose.  

Water
• Some low tide areas with mud flats may be incorrectly classified as non-wooded or wooded instead of water based on the timing of the image acquisition and tidal movements. 
• Areas around water courses and dams may be overclassified as water for the specific year due to the frequency of high water course heights or long periods in history of full dams. 
• Some areas of shallow water or water with floating vegetation may be incorrectly classified as wooded as they have not been removed by the water mask and have spectral properties which may be similar to wooded vegetation


Crops and Pastures
• Cropping may be incorrectly classified as wooded if it is a new crop (i.e. has been created after the 1999 crop mask) and has similar spectral characteristics to natural regrowth.
• When tree crops (horticulture) are included in the crop mask as cropping, they will not be mapped as wooded.   
• Some areas of crop are still erroneously classified as wooded where the Landsat time series is not representative of the cropping cycle.
• Areas of improved pasture may be incorrectly classified as wooded due to the consistently green nature of the pastures (the most significant area is in the Atherton Tablelands).

Topographic Effects
• Steep west-facing slopes may have underestimated FPC values due to shadow effects. Conversely, steep east-facing slopes may be misclassified as non-wooded due to the sun angle variation between imagery dates.   
• Very steep and precipitous west-facing slopes are classified as null due to persistent shadowing in the time-series of imagery. i.e. Glasshouse Mountains
• East-facing slopes on sand dunes in western Queensland may be incorrectly classified as wooded due to the persistent bright reflectance in the time-series of the imagery. This is a result of incident sun angle effects at the time of image acquisition.   

Other
• In areas where there is persistent cloud contamination, such as the Cape York Peninsula region, an FPC prediction cannot be calculated.  These areas are then substituted with an FPC value from the most recent image date without cloud contamination.  
• Areas of Triodia spp. (spinifex) may be classified as wooded or have overestimated FPC due to the presence of perennially green understorey foliage. 
• Areas of fire scar may be incorrectly classified as cleared and subsequently show non-wooded or low wooded values as a result of the grass cover changing after the fire.
• FPC values are more likely to be underestimated in sparse and very sparsely wooded areas such as mulga lands and in the channel country. This is attributed to a lower coverage of foliage and more bare ground beneath the vegetation, causing a greater variability in the time series statistics.
• Some land use management practices can increase the variability of the FPC values over the time series and subsequently wooded regrowth areas can be misclassified as non-wooded.
• New plantations or those misclassified in the 1999 plantation layer used, may have been incorrectly classified as non-wooded.  The early growth stages of plantation areas may also be missed.  
</gco:CharacterString>
          </evaluationMethodDescription>
          <result>
            <DQ_QuantitativeResult>
              <valueUnit gco:nilReason="missing" />
              <value>
                <gco:Record>Nominal 85% for all classifications</gco:Record>
              </value>
            </DQ_QuantitativeResult>
          </result>
        </DQ_QuantitativeAttributeAccuracy>
      </report>
      <report>
        <DQ_AbsoluteExternalPositionalAccuracy>
          <measureDescription>
            <gco:CharacterString>All the data described here has been generated from the analysis of Landsat Thematic Mapper (TM) data, which has a resampled spatial resolution of 25m. The imagery is rectified using control points measured with a differential GPS ensuring a maximum root mean square (RMS) error of 20 metres at these control points. However, it is possible that errors up to ±50 meters occur between these control points. The imagery has been corrected for height displacement using a digital elevation model (DEM) from the Shuttle Radar. It is not recommended that these data sets be used at scales more detailed than 1:100,000.</gco:CharacterString>
          </measureDescription>
          <result gco:nilReason="missing" />
        </DQ_AbsoluteExternalPositionalAccuracy>
      </report>
      <report>
        <DQ_AbsoluteExternalPositionalAccuracy>
          <measureDescription>
            <gco:CharacterString>All the data described here has been generated from the analysis of Landsat Thematic Mapper (TM) data, which has a resampled spatial resolution of 25m. The imagery is rectified using control points measured with a differential GPS ensuring a maximum root mean square (RMS) error of 20 metres at these control points. However, it is possible that errors up to ±50 meters occur between these control points. The imagery has been corrected for height displacement using a digital elevation model (DEM) from the Shuttle Radar. It is not recommended that these data sets be used at scales more detailed than 1:100,000.</gco:CharacterString>
          </measureDescription>
          <result gco:nilReason="missing" />
        </DQ_AbsoluteExternalPositionalAccuracy>
      </report>
      <lineage>
        <LI_Lineage>
          <statement>
            <gco:CharacterString>The Remote Sensing Centre FPC mapping is based on an automated decision tree classification technique applied to dry season (May to October) Landsat 5 TM imagery for the period 1986-2011. The product has a nominal accuracy of 85%. The field data used to calibrate the imagery/FPC relationship was mostly collected over the period 1996-1999. Further details are provided in Armston et al. (2008) and Armston et al. (2004).  Additional corrections were also applied to the final product to remove errors due to topographic effects, cloud, cloud shadow, water, cropping, regrowth and wooded vegetation clearing. Some errors may remain. This product has more precise FPC predictions than previous versions. The analysis has been completed on each of 90 satellite scenes.  While some land cover change may be detected in the FPC processing, this product is not designed to generate clearing layers, and cannot be used to assess clearing or be compared with previous years for change monitoring.  The Statewide Landcover and Trees Study (SLATS) produces accurate clearing layers for this purpose.</gco:CharacterString>
          </statement>
          <processStep>
            <LI_ProcessStep>
              <description>
                <gco:CharacterString>Data Custodian nominated.</gco:CharacterString>
              </description>
              <processor>
                <CI_ResponsibleParty>
                  <individualName>
                    <gco:CharacterString>Data Custodian (A/D-G, Science Delivery)</gco:CharacterString>
                  </individualName>
                  <organisationName>
                    <gco:CharacterString>Department of Science Information Technology Innovation and the Arts</gco:CharacterString>
                  </organisationName>
                  <positionName>
                    <gco:CharacterString>Assistant Director-General, Science Delivery</gco:CharacterString>
                  </positionName>
                  <contactInfo>
                    <CI_Contact>
                      <address>
                        <CI_Address>
                          <electronicMailAddress>
                            <gco:CharacterString>Christine.Williams@qld.gov.au</gco:CharacterString>
                          </electronicMailAddress>
                        </CI_Address>
                      </address>
                    </CI_Contact>
                  </contactInfo>
                  <role>
                    <CI_RoleCode codeList="http://www.isotc211.org/2005/resources/Codelist/gmxCodelists.xml#CI_RoleCode" codeListValue="custodian" codeSpace="ISOTC211/19115">custodian</CI_RoleCode>
                  </role>
                </CI_ResponsibleParty>
              </processor>
            </LI_ProcessStep>
          </processStep>
          <processStep>
            <LI_ProcessStep>
              <description>
                <gco:CharacterString>Content Authority nominated.</gco:CharacterString>
              </description>
              <processor>
                <CI_ResponsibleParty>
                  <individualName>
                    <gco:CharacterString>Dan Tindall</gco:CharacterString>
                  </individualName>
                  <organisationName>
                    <gco:CharacterString>Department of Science, Information Technology, Innovation, and the Arts</gco:CharacterString>
                  </organisationName>
                  <positionName>
                    <gco:CharacterString>Principal Scientist (Remote Sensing)</gco:CharacterString>
                  </positionName>
                  <contactInfo>
                    <CI_Contact>
                      <address>
                        <CI_Address>
                          <country>
                            <Country codeList="http://www.iso.org/iso/country_codes/iso_3166_code_lists.htm" codeListValue="AU" codeSpace="ISO3166-1">AU</Country>
                          </country>
                          <electronicMailAddress>
                            <gco:CharacterString>Daniel.Tindall@qld.gov.au</gco:CharacterString>
                          </electronicMailAddress>
                        </CI_Address>
                      </address>
                    </CI_Contact>
                  </contactInfo>
                  <role>
                    <CI_RoleCode codeList="http://www.isotc211.org/2005/resources/Codelist/gmxCodelists.xml#CI_RoleCode" codeListValue="processor" codeSpace="ISOTC211/19115">processor</CI_RoleCode>
                  </role>
                </CI_ResponsibleParty>
              </processor>
            </LI_ProcessStep>
          </processStep>
          <processStep>
            <LI_ProcessStep>
              <description>
                <gco:CharacterString>Information Management Authority nominated.</gco:CharacterString>
              </description>
              <processor>
                <CI_ResponsibleParty>
                  <individualName>
                    <gco:CharacterString>Senior Spatial Information Officer (Product Delivery)</gco:CharacterString>
                  </individualName>
                  <organisationName>
                    <gco:CharacterString>Department of Natural Resources and Mines</gco:CharacterString>
                  </organisationName>
                  <positionName>
                    <gco:CharacterString>Client Outcomes (Product Delivery)</gco:CharacterString>
                  </positionName>
                  <contactInfo>
                    <CI_Contact>
                      <address>
                        <CI_Address>
                          <country>
                            <Country codeList="http://www.iso.org/iso/country_codes/iso_3166_code_lists.htm" codeListValue="AU" codeSpace="ISO3166-1">AU</Country>
                          </country>
                          <electronicMailAddress>
                            <gco:CharacterString>SIProductdelivery@dnrm.qld.gov.au</gco:CharacterString>
                          </electronicMailAddress>
                        </CI_Address>
                      </address>
                    </CI_Contact>
                  </contactInfo>
                  <role>
                    <CI_RoleCode codeList="http://www.isotc211.org/2005/resources/Codelist/gmxCodelists.xml#CI_RoleCode" codeListValue="processor" codeSpace="ISOTC211/19115">processor</CI_RoleCode>
                  </role>
                </CI_ResponsibleParty>
              </processor>
            </LI_ProcessStep>
          </processStep>
          <processStep>
            <LI_ProcessStep>
              <description>
                <gco:CharacterString>Layer Controller nominated.</gco:CharacterString>
              </description>
              <processor>
                <CI_ResponsibleParty>
                  <individualName>
                    <gco:CharacterString>Dan Tindall</gco:CharacterString>
                  </individualName>
                  <organisationName>
                    <gco:CharacterString>Department of Science, Information Technology, Innovation, and the Arts</gco:CharacterString>
                  </organisationName>
                  <positionName>
                    <gco:CharacterString>Principal Scientist (Remote Sensing)</gco:CharacterString>
                  </positionName>
                  <contactInfo>
                    <CI_Contact>
                      <address>
                        <CI_Address>
                          <country>
                            <Country codeList="http://www.iso.org/iso/country_codes/iso_3166_code_lists.htm" codeListValue="AU" codeSpace="ISO3166-1">AU</Country>
                          </country>
                          <electronicMailAddress>
                            <gco:CharacterString>Daniel.Tindall@qld.gov.au</gco:CharacterString>
                          </electronicMailAddress>
                        </CI_Address>
                      </address>
                    </CI_Contact>
                  </contactInfo>
                  <role>
                    <CI_RoleCode codeList="http://www.isotc211.org/2005/resources/Codelist/gmxCodelists.xml#CI_RoleCode" codeListValue="processor" codeSpace="ISOTC211/19115">processor</CI_RoleCode>
                  </role>
                </CI_ResponsibleParty>
              </processor>
            </LI_ProcessStep>
          </processStep>
          <source>
            <LI_Source>
              <description>
                <gco:CharacterString>Armston, J.D., Denham, R.J., Danaher, T.J., Scarth, P.F. and Moffiet, T., 2008, Prediction and validation of foliage projective cover from Landsat-5 TM and Landsat-7 ETM+ imagery for Queensland, Australia. Journal of Applied Remote Sensing, 3: 033540-28.  

Armston, J.D., Danaher, T.J., and Collett, L.J., 2004, A regression approach for mapping woody Foliage Projective Cover in Queensland with Landsat data.  Proceedings of the 12th Australasian Remote Sensing and Photogrammetry Conference, Fremantle, Australia, October 2004. 

Danaher, TJ, Collett, L., 2006, Development, optimisation, and multi-temporal application of a simple Landsat based Water Index. Proceedings of the 13th Australasian Remote Sensing and Photogrammetry Conference, Canberra, Australia, November 2006.

Danaher, T.J., 2002, An empirical BRDF correction for Landsat TM and ETM+ imagery.  Proceedings of the 11th Australasian Remote Sensing and Photogrammetry Conference, Brisbane, Australia, September 2002. 

Kitchen, J., Armston, J., Clark, A., Danaher, T., and Scarth, P., 2010, Operational use of annual Landsat-5 TM and Landsat-7 ETM+ image time-series for mapping wooded extent and foliage projective cover in north-eastern Australia.  Proceedings of the 15th Australasian Remote Sensing and Photogrammetry Conference, Alice Springs, Australia, 13 -17 September 2010.
</gco:CharacterString>
              </description>
            </LI_Source>
          </source>
        </LI_Lineage>
      </lineage>
    </DQ_DataQuality>
  </dataQualityInfo>
  <metadataConstraints>
    <MD_LegalConstraints>
      <accessConstraints>
        <MD_RestrictionCode codeList="http://www.isotc211.org/2005/resources/Codelist/gmxCodelists.xml#MD_RestrictionCode" codeListValue="otherRestrictions" codeSpace="ISOTC211/19115">otherRestrictions</MD_RestrictionCode>
      </accessConstraints>
      <otherConstraints>
        <gco:CharacterString>Public Usage (Experimental Product)</gco:CharacterString>
      </otherConstraints>
    </MD_LegalConstraints>
  </metadataConstraints>
</MD_Metadata>