﻿<MD_Metadata xmlns="http://www.isotc211.org/2005/gmd" xmlns:gco="http://www.isotc211.org/2005/gco" xmlns:gts="http://www.isotc211.org/2005/gts" xmlns:srv="http://www.isotc211.org/2005/srv" xmlns:gml="http://www.opengis.net/gml" xmlns:xlink="http://www.w3.org/1999/xlink" xmlns:xsi="http://www.w3.org/2001/XMLSchema-instance">
  <fileIdentifier>
    <gco:CharacterString>27A44AB5-9E7E-4E43-A7D9-A7B09905F575</gco:CharacterString>
  </fileIdentifier>
  <language>
    <LanguageCode codeList="http://www.loc.gov/standards/iso639-2/php/code_list.php" codeListValue="eng" codeSpace="ISO639-2">eng</LanguageCode>
  </language>
  <characterSet>
    <MD_CharacterSetCode codeList="http://www.isotc211.org/2005/resources/Codelist/gmxCodelists.xml#MD_CharacterSetCode" codeListValue="utf8" codeSpace="ISOTC211/19115">utf8</MD_CharacterSetCode>
  </characterSet>
  <hierarchyLevel>
    <MD_ScopeCode codeList="http://www.isotc211.org/2005/resources/Codelist/gmxCodelists.xml#MD_ScopeCode" codeListValue="dataset" codeSpace="ISOTC211/19115">dataset</MD_ScopeCode>
  </hierarchyLevel>
  <hierarchyLevelName>
    <gco:CharacterString>dataset</gco:CharacterString>
  </hierarchyLevelName>
  <contact>
    <CI_ResponsibleParty>
      <individualName>
        <gco:CharacterString>Land Resources Officer</gco:CharacterString>
      </individualName>
      <organisationName>
        <gco:CharacterString>Queensland Department of Science, Information Technology, and Innovation</gco:CharacterString>
      </organisationName>
      <positionName>
        <gco:CharacterString>Land Resources Officer</gco:CharacterString>
      </positionName>
      <contactInfo>
        <CI_Contact>
          <phone>
            <CI_Telephone>
              <voice>
                <gco:CharacterString>07 3170 5623</gco:CharacterString>
              </voice>
            </CI_Telephone>
          </phone>
          <address>
            <CI_Address>
              <deliveryPoint>
                <gco:CharacterString>41 Boggo Road</gco:CharacterString>
              </deliveryPoint>
              <city>
                <gco:CharacterString>Dutton Park</gco:CharacterString>
              </city>
              <administrativeArea>
                <gco:CharacterString>Qld</gco:CharacterString>
              </administrativeArea>
              <postalCode>
                <gco:CharacterString>4102</gco:CharacterString>
              </postalCode>
              <country>
                <Country codeList="http://www.iso.org/iso/country_codes/iso_3166_code_lists.htm" codeListValue="AU" codeSpace="ISO3166-1">AU</Country>
              </country>
              <electronicMailAddress>
                <gco:CharacterString>soils@qld.gov.au</gco:CharacterString>
              </electronicMailAddress>
            </CI_Address>
          </address>
        </CI_Contact>
      </contactInfo>
      <role>
        <CI_RoleCode codeList="http://www.isotc211.org/2005/resources/Codelist/gmxCodelists.xml#CI_RoleCode" codeListValue="pointOfContact" codeSpace="ISOTC211/19115">pointOfContact</CI_RoleCode>
      </role>
    </CI_ResponsibleParty>
  </contact>
  <dateStamp>
    <gco:Date>2017-04-24</gco:Date>
  </dateStamp>
  <metadataStandardName>
    <gco:CharacterString>ISO 19139 Geographic Information - Metadata - Implementation Specification</gco:CharacterString>
  </metadataStandardName>
  <metadataStandardVersion>
    <gco:CharacterString>2007</gco:CharacterString>
  </metadataStandardVersion>
  <locale>
    <PT_Locale>
      <languageCode>
        <LanguageCode codeList="http://www.loc.gov/standards/iso639-2/php/code_list.php" codeListValue="eng" codeSpace="ISO639-2">eng</LanguageCode>
      </languageCode>
      <country>
        <Country codeList="http://www.iso.org/iso/country_codes/iso_3166_code_lists.htm" codeListValue="AU" codeSpace="ISO3166-1">AU</Country>
      </country>
      <characterEncoding>
        <MD_CharacterSetCode codeList="http://www.isotc211.org/2005/resources/Codelist/gmxCodelists.xml#MD_CharacterSetCode" codeListValue="utf8" codeSpace="ISOTC211/19115">utf8</MD_CharacterSetCode>
      </characterEncoding>
    </PT_Locale>
  </locale>
  <spatialRepresentationInfo>
    <MD_Georectified>
      <numberOfDimensions>
        <gco:Integer>2</gco:Integer>
      </numberOfDimensions>
      <axisDimensionProperties>
        <MD_Dimension>
          <dimensionName>
            <MD_DimensionNameTypeCode codeList="http://www.isotc211.org/2005/resources/Codelist/gmxCodelists.xml#MD_DimensionNameTypeCode" codeListValue="column" codeSpace="ISOTC211/19115">column</MD_DimensionNameTypeCode>
          </dimensionName>
          <dimensionSize>
            <gco:Integer>6037</gco:Integer>
          </dimensionSize>
          <resolution>
            <gco:Measure uom="deg">0.000833</gco:Measure>
          </resolution>
        </MD_Dimension>
      </axisDimensionProperties>
      <axisDimensionProperties>
        <MD_Dimension>
          <dimensionName>
            <MD_DimensionNameTypeCode codeList="http://www.isotc211.org/2005/resources/Codelist/gmxCodelists.xml#MD_DimensionNameTypeCode" codeListValue="row" codeSpace="ISOTC211/19115">row</MD_DimensionNameTypeCode>
          </dimensionName>
          <dimensionSize>
            <gco:Integer>6328</gco:Integer>
          </dimensionSize>
          <resolution>
            <gco:Measure uom="deg">0.000833</gco:Measure>
          </resolution>
        </MD_Dimension>
      </axisDimensionProperties>
      <cellGeometry>
        <MD_CellGeometryCode codeList="http://www.isotc211.org/2005/resources/Codelist/gmxCodelists.xml#MD_CellGeometryCode" codeListValue="area" codeSpace="ISOTC211/19115">area</MD_CellGeometryCode>
      </cellGeometry>
      <transformationParameterAvailability>
        <gco:Boolean>true</gco:Boolean>
      </transformationParameterAvailability>
      <checkPointAvailability>
        <gco:Boolean>false</gco:Boolean>
      </checkPointAvailability>
      <cornerPoints>
        <gml:Point gml:id="ID0EFJAE">
          <gml:pos>146.557398 -26.476618</gml:pos>
        </gml:Point>
      </cornerPoints>
      <cornerPoints>
        <gml:Point gml:id="ID0EXJAE">
          <gml:pos>146.557398 -21.205394</gml:pos>
        </gml:Point>
      </cornerPoints>
      <cornerPoints>
        <gml:Point gml:id="ID0ELJAE">
          <gml:pos>151.586219 -21.205394</gml:pos>
        </gml:Point>
      </cornerPoints>
      <cornerPoints>
        <gml:Point gml:id="ID0ERJAE">
          <gml:pos>151.586219 -26.476618</gml:pos>
        </gml:Point>
      </cornerPoints>
      <centerPoint>
        <gml:Point gml:id="ID0E4JAE">
          <gml:pos>149.071809 -23.841006</gml:pos>
        </gml:Point>
      </centerPoint>
      <pointInPixel>
        <MD_PixelOrientationCode>center</MD_PixelOrientationCode>
      </pointInPixel>
    </MD_Georectified>
  </spatialRepresentationInfo>
  <referenceSystemInfo>
    <MD_ReferenceSystem>
      <referenceSystemIdentifier>
        <RS_Identifier>
          <code>
            <gco:CharacterString>4283</gco:CharacterString>
          </code>
          <codeSpace>
            <gco:CharacterString>EPSG</gco:CharacterString>
          </codeSpace>
          <version>
            <gco:CharacterString>8.3.4(3.0.1)</gco:CharacterString>
          </version>
        </RS_Identifier>
      </referenceSystemIdentifier>
    </MD_ReferenceSystem>
  </referenceSystemInfo>
  <identificationInfo>
    <MD_DataIdentification>
      <citation>
        <CI_Citation>
          <title>
            <gco:CharacterString>Fitzroy NRM Region simplified soil erodibility</gco:CharacterString>
          </title>
          <alternateTitle>
            <gco:CharacterString>Fitzroy basin simple soil erodibility - Central Queensland</gco:CharacterString>
          </alternateTitle>
          <date>
            <CI_Date>
              <date>
                <gco:Date>2017-03-22</gco:Date>
              </date>
              <dateType>
                <CI_DateTypeCode codeList="http://www.isotc211.org/2005/resources/Codelist/gmxCodelists.xml#CI_DateTypeCode" codeListValue="creation" codeSpace="ISOTC211/19115">creation</CI_DateTypeCode>
              </dateType>
            </CI_Date>
          </date>
          <edition>
            <gco:CharacterString>Version 1</gco:CharacterString>
          </edition>
          <editionDate>
            <gco:Date>2017-03-22</gco:Date>
          </editionDate>
          <citedResponsibleParty>
            <CI_ResponsibleParty>
              <individualName>
                <gco:CharacterString>Land Resources Officer</gco:CharacterString>
              </individualName>
              <organisationName>
                <gco:CharacterString>Queensland Department of Science, Information Technology, and Innovation</gco:CharacterString>
              </organisationName>
              <positionName>
                <gco:CharacterString>Land Resources Officer</gco:CharacterString>
              </positionName>
              <contactInfo>
                <CI_Contact>
                  <phone>
                    <CI_Telephone>
                      <voice>
                        <gco:CharacterString>07 3170 5644</gco:CharacterString>
                      </voice>
                    </CI_Telephone>
                  </phone>
                  <address>
                    <CI_Address>
                      <electronicMailAddress>
                        <gco:CharacterString>soils@qld.gov.au</gco:CharacterString>
                      </electronicMailAddress>
                    </CI_Address>
                  </address>
                </CI_Contact>
              </contactInfo>
              <role>
                <CI_RoleCode codeList="http://www.isotc211.org/2005/resources/Codelist/gmxCodelists.xml#CI_RoleCode" codeListValue="principalInvestigator" codeSpace="ISOTC211/19115">principalInvestigator</CI_RoleCode>
              </role>
            </CI_ResponsibleParty>
          </citedResponsibleParty>
          <citedResponsibleParty>
            <CI_ResponsibleParty>
              <individualName>
                <gco:CharacterString>Landscape Sciences</gco:CharacterString>
              </individualName>
              <organisationName>
                <gco:CharacterString>Department of Science, Information Technology and Innovation</gco:CharacterString>
              </organisationName>
              <positionName>
                <gco:CharacterString>Director, Landscape Sciences</gco:CharacterString>
              </positionName>
              <role>
                <CI_RoleCode codeList="http://www.isotc211.org/2005/resources/Codelist/gmxCodelists.xml#CI_RoleCode" codeListValue="custodian" codeSpace="ISOTC211/19115">custodian</CI_RoleCode>
              </role>
            </CI_ResponsibleParty>
          </citedResponsibleParty>
          <citedResponsibleParty>
            <CI_ResponsibleParty>
              <individualName>
                <gco:CharacterString>Peter Zund</gco:CharacterString>
              </individualName>
              <organisationName>
                <gco:CharacterString>Queensland Department of Science, Information Technology, and Innovation</gco:CharacterString>
              </organisationName>
              <positionName>
                <gco:CharacterString>Senior Land Resources Officer</gco:CharacterString>
              </positionName>
              <contactInfo>
                <CI_Contact>
                  <phone>
                    <CI_Telephone>
                      <voice>
                        <gco:CharacterString>07 3170 5633</gco:CharacterString>
                      </voice>
                    </CI_Telephone>
                  </phone>
                  <address>
                    <CI_Address>
                      <electronicMailAddress>
                        <gco:CharacterString>peter.zund@qld.gov.au</gco:CharacterString>
                      </electronicMailAddress>
                    </CI_Address>
                  </address>
                </CI_Contact>
              </contactInfo>
              <role>
                <CI_RoleCode codeList="http://www.isotc211.org/2005/resources/Codelist/gmxCodelists.xml#CI_RoleCode" codeListValue="originator" codeSpace="ISOTC211/19115">originator</CI_RoleCode>
              </role>
            </CI_ResponsibleParty>
          </citedResponsibleParty>
          <citedResponsibleParty>
            <CI_ResponsibleParty>
              <individualName>
                <gco:CharacterString>Land Resources Officer</gco:CharacterString>
              </individualName>
              <organisationName>
                <gco:CharacterString>Queensland Department of Science, Information Technology, and Innovation</gco:CharacterString>
              </organisationName>
              <positionName>
                <gco:CharacterString>Land Resources Officer</gco:CharacterString>
              </positionName>
              <contactInfo>
                <CI_Contact>
                  <phone>
                    <CI_Telephone>
                      <voice>
                        <gco:CharacterString>07 3170 5623</gco:CharacterString>
                      </voice>
                    </CI_Telephone>
                  </phone>
                  <address>
                    <CI_Address>
                      <deliveryPoint>
                        <gco:CharacterString>41 Boggo Road</gco:CharacterString>
                      </deliveryPoint>
                      <city>
                        <gco:CharacterString>Dutton Park</gco:CharacterString>
                      </city>
                      <administrativeArea>
                        <gco:CharacterString>Qld</gco:CharacterString>
                      </administrativeArea>
                      <postalCode>
                        <gco:CharacterString>4102</gco:CharacterString>
                      </postalCode>
                      <country>
                        <Country codeList="http://www.iso.org/iso/country_codes/iso_3166_code_lists.htm" codeListValue="AU" codeSpace="ISO3166-1">AU</Country>
                      </country>
                      <electronicMailAddress>
                        <gco:CharacterString>soils@qld.gov.au</gco:CharacterString>
                      </electronicMailAddress>
                    </CI_Address>
                  </address>
                </CI_Contact>
              </contactInfo>
              <role>
                <CI_RoleCode codeList="http://www.isotc211.org/2005/resources/Codelist/gmxCodelists.xml#CI_RoleCode" codeListValue="pointOfContact" codeSpace="ISOTC211/19115">pointOfContact</CI_RoleCode>
              </role>
            </CI_ResponsibleParty>
          </citedResponsibleParty>
          <citedResponsibleParty>
            <CI_ResponsibleParty>
              <individualName>
                <gco:CharacterString>Soil and Land Resources</gco:CharacterString>
              </individualName>
              <organisationName>
                <gco:CharacterString>Department of Science, Information Technology and Innovation</gco:CharacterString>
              </organisationName>
              <positionName>
                <gco:CharacterString>Science Leader</gco:CharacterString>
              </positionName>
              <role>
                <CI_RoleCode codeList="http://www.isotc211.org/2005/resources/Codelist/gmxCodelists.xml#CI_RoleCode" codeListValue="resourceProvider" codeSpace="ISOTC211/19115">resourceProvider</CI_RoleCode>
              </role>
            </CI_ResponsibleParty>
          </citedResponsibleParty>
          <presentationForm>
            <CI_PresentationFormCode codeList="http://www.isotc211.org/2005/resources/Codelist/gmxCodelists.xml#CI_PresentationFormCode" codeListValue="mapDigital" codeSpace="ISOTC211/19115">mapDigital</CI_PresentationFormCode>
          </presentationForm>
        </CI_Citation>
      </citation>
      <abstract>
        <gco:CharacterString>This raster data classifies overall inherent soil erodibility in simple vulnerability categories at a sub-catchment scale.</gco:CharacterString>
      </abstract>
      <purpose>
        <gco:CharacterString>Developed for Long Paddock Forage report website, to enable landholders and extension personal to identify areas vulnerable to soil erosion.</gco:CharacterString>
      </purpose>
      <credit>
        <gco:CharacterString>© State of Queensland (Department of Science, Information Technology and Innovation), 2017</gco:CharacterString>
      </credit>
      <status>
        <MD_ProgressCode codeList="http://www.isotc211.org/2005/resources/Codelist/gmxCodelists.xml#MD_ProgressCode" codeListValue="completed" codeSpace="ISOTC211/19115">completed</MD_ProgressCode>
      </status>
      <pointOfContact>
        <CI_ResponsibleParty>
          <individualName>
            <gco:CharacterString>Land Resources Officer</gco:CharacterString>
          </individualName>
          <organisationName>
            <gco:CharacterString>Queensland Department of Science, Information Technology, and Innovation</gco:CharacterString>
          </organisationName>
          <positionName>
            <gco:CharacterString>Land Resources Officer</gco:CharacterString>
          </positionName>
          <contactInfo>
            <CI_Contact>
              <phone>
                <CI_Telephone>
                  <voice>
                    <gco:CharacterString>07 3170 5623</gco:CharacterString>
                  </voice>
                </CI_Telephone>
              </phone>
              <address>
                <CI_Address>
                  <deliveryPoint>
                    <gco:CharacterString>41 Boggo Road</gco:CharacterString>
                  </deliveryPoint>
                  <city>
                    <gco:CharacterString>Dutton Park</gco:CharacterString>
                  </city>
                  <administrativeArea>
                    <gco:CharacterString>Qld</gco:CharacterString>
                  </administrativeArea>
                  <postalCode>
                    <gco:CharacterString>4102</gco:CharacterString>
                  </postalCode>
                  <country>
                    <Country codeList="http://www.iso.org/iso/country_codes/iso_3166_code_lists.htm" codeListValue="AU" codeSpace="ISO3166-1">AU</Country>
                  </country>
                  <electronicMailAddress>
                    <gco:CharacterString>soils@qld.gov.au</gco:CharacterString>
                  </electronicMailAddress>
                </CI_Address>
              </address>
            </CI_Contact>
          </contactInfo>
          <role>
            <CI_RoleCode codeList="http://www.isotc211.org/2005/resources/Codelist/gmxCodelists.xml#CI_RoleCode" codeListValue="pointOfContact" codeSpace="ISOTC211/19115">pointOfContact</CI_RoleCode>
          </role>
        </CI_ResponsibleParty>
      </pointOfContact>
      <resourceMaintenance>
        <MD_MaintenanceInformation>
          <maintenanceAndUpdateFrequency>
            <MD_MaintenanceFrequencyCode codeList="http://www.isotc211.org/2005/resources/Codelist/gmxCodelists.xml#MD_MaintenanceFrequencyCode" codeListValue="notPlanned" codeSpace="ISOTC211/19115">notPlanned</MD_MaintenanceFrequencyCode>
          </maintenanceAndUpdateFrequency>
        </MD_MaintenanceInformation>
      </resourceMaintenance>
      <descriptiveKeywords>
        <MD_Keywords>
          <keyword>
            <gco:CharacterString>Fitzroy, Queensland, Australia</gco:CharacterString>
          </keyword>
          <type>
            <MD_KeywordTypeCode codeList="http://www.isotc211.org/2005/resources/Codelist/gmxCodelists.xml#MD_KeywordTypeCode" codeListValue="place" codeSpace="ISOTC211/19115">place</MD_KeywordTypeCode>
          </type>
        </MD_Keywords>
      </descriptiveKeywords>
      <descriptiveKeywords>
        <MD_Keywords>
          <keyword>
            <gco:CharacterString>Inherent soil erodibility</gco:CharacterString>
          </keyword>
          <keyword>
            <gco:CharacterString>Soil vulnerability erosion</gco:CharacterString>
          </keyword>
          <type>
            <MD_KeywordTypeCode codeList="http://www.isotc211.org/2005/resources/Codelist/gmxCodelists.xml#MD_KeywordTypeCode" codeListValue="theme" codeSpace="ISOTC211/19115">theme</MD_KeywordTypeCode>
          </type>
          <thesaurusName>
            <CI_Citation>
              <title>
                <gco:CharacterString>Common Search Terms</gco:CharacterString>
              </title>
              <date>
                <CI_Date>
                  <date>
                    <gco:Date>2017-03-29</gco:Date>
                  </date>
                  <dateType>
                    <CI_DateTypeCode codeList="http://www.isotc211.org/2005/resources/Codelist/gmxCodelists.xml#CI_DateTypeCode" codeListValue="creation" codeSpace="ISOTC211/19115">creation</CI_DateTypeCode>
                  </dateType>
                </CI_Date>
              </date>
            </CI_Citation>
          </thesaurusName>
        </MD_Keywords>
      </descriptiveKeywords>
      <descriptiveKeywords>
        <MD_Keywords>
          <keyword>
            <gco:CharacterString>SOIL</gco:CharacterString>
          </keyword>
          <keyword>
            <gco:CharacterString>SOIL Erosion</gco:CharacterString>
          </keyword>
          <keyword>
            <gco:CharacterString>SOIL Classification</gco:CharacterString>
          </keyword>
          <type>
            <MD_KeywordTypeCode codeList="http://www.isotc211.org/2005/resources/Codelist/gmxCodelists.xml#MD_KeywordTypeCode" codeListValue="theme" codeSpace="ISOTC211/19115">theme</MD_KeywordTypeCode>
          </type>
          <thesaurusName>
            <CI_Citation>
              <title>
                <gco:CharacterString>ANZLIC Search Words</gco:CharacterString>
              </title>
              <date>
                <CI_Date>
                  <date>
                    <gco:Date>2007-08-01</gco:Date>
                  </date>
                  <dateType>
                    <CI_DateTypeCode codeList="http://www.isotc211.org/2005/resources/Codelist/gmxCodelists.xml#CI_DateTypeCode" codeListValue="creation" codeSpace="ISOTC211/19115">creation</CI_DateTypeCode>
                  </dateType>
                </CI_Date>
              </date>
              <date>
                <CI_Date>
                  <date>
                    <gco:Date>2007-08-01</gco:Date>
                  </date>
                  <dateType>
                    <CI_DateTypeCode codeList="http://www.isotc211.org/2005/resources/Codelist/gmxCodelists.xml#CI_DateTypeCode" codeListValue="publication" codeSpace="ISOTC211/19115">publication</CI_DateTypeCode>
                  </dateType>
                </CI_Date>
              </date>
            </CI_Citation>
          </thesaurusName>
        </MD_Keywords>
      </descriptiveKeywords>
      <descriptiveKeywords>
        <MD_Keywords>
          <keyword>
            <gco:CharacterString>Downloadable Data</gco:CharacterString>
          </keyword>
          <thesaurusName uuidref="723f6998-058e-11dc-8314-0800200c9a66" />
        </MD_Keywords>
      </descriptiveKeywords>
      <resourceConstraints>
        <MD_Constraints>
          <useLimitation>
            <gco:CharacterString>This raster data is reliable to a sub-catchment (1:250,000) scale</gco:CharacterString>
          </useLimitation>
        </MD_Constraints>
      </resourceConstraints>
      <aggregationInfo>
        <MD_AggregateInformation>
          <aggregateDataSetIdentifier>
            <MD_Identifier>
              <authority>
                <CI_Citation>
                  <title>
                    <gco:CharacterString>Spatial Information Resource (SIR) Feature Class</gco:CharacterString>
                  </title>
                  <date>
                    <CI_Date>
                      <date>
                        <gco:Date>2017-03-22</gco:Date>
                      </date>
                      <dateType>
                        <CI_DateTypeCode codeList="http://www.isotc211.org/2005/resources/Codelist/gmxCodelists.xml#CI_DateTypeCode" codeListValue="creation" codeSpace="ISOTC211/19115">creation</CI_DateTypeCode>
                      </dateType>
                    </CI_Date>
                  </date>
                  <edition>
                    <gco:CharacterString>Version 1</gco:CharacterString>
                  </edition>
                  <editionDate>
                    <gco:Date>2017-03-22</gco:Date>
                  </editionDate>
                </CI_Citation>
              </authority>
              <code>
                <gco:CharacterString>SLR.FI_LAN_SIMPLEERODv1_250K90M_R</gco:CharacterString>
              </code>
            </MD_Identifier>
          </aggregateDataSetIdentifier>
          <associationType>
            <DS_AssociationTypeCode codeList="http://www.isotc211.org/2005/resources/Codelist/gmxCodelists.xml#DS_AssociationTypeCode" codeListValue="source" codeSpace="ISOTC211/19115">source</DS_AssociationTypeCode>
          </associationType>
        </MD_AggregateInformation>
      </aggregationInfo>
      <spatialRepresentationType>
        <MD_SpatialRepresentationTypeCode codeList="http://www.isotc211.org/2005/resources/Codelist/gmxCodelists.xml#MD_SpatialRepresentationTypeCode" codeListValue="grid" codeSpace="ISOTC211/19115">grid</MD_SpatialRepresentationTypeCode>
      </spatialRepresentationType>
      <spatialResolution>
        <MD_Resolution>
          <distance>
            <gco:Distance uom="m">90</gco:Distance>
          </distance>
        </MD_Resolution>
      </spatialResolution>
      <language>
        <LanguageCode codeList="http://www.loc.gov/standards/iso639-2/php/code_list.php" codeListValue="eng" codeSpace="ISO639-2">eng</LanguageCode>
      </language>
      <characterSet>
        <MD_CharacterSetCode codeList="http://www.isotc211.org/2005/resources/Codelist/gmxCodelists.xml#MD_CharacterSetCode" codeListValue="utf8" codeSpace="ISOTC211/19115">utf8</MD_CharacterSetCode>
      </characterSet>
      <topicCategory>
        <MD_TopicCategoryCode>farming</MD_TopicCategoryCode>
      </topicCategory>
      <topicCategory>
        <MD_TopicCategoryCode>environment</MD_TopicCategoryCode>
      </topicCategory>
      <environmentDescription>
        <gco:CharacterString>Microsoft Windows 7 Version 6.1 (Build 7601) Service Pack 1; Esri ArcGIS 10.4.1.5686</gco:CharacterString>
      </environmentDescription>
      <extent>
        <EX_Extent>
          <geographicElement>
            <EX_GeographicBoundingBox>
              <extentTypeCode>
                <gco:Boolean>true</gco:Boolean>
              </extentTypeCode>
              <westBoundLongitude>
                <gco:Decimal>146.557398</gco:Decimal>
              </westBoundLongitude>
              <eastBoundLongitude>
                <gco:Decimal>151.586219</gco:Decimal>
              </eastBoundLongitude>
              <southBoundLatitude>
                <gco:Decimal>-26.476618</gco:Decimal>
              </southBoundLatitude>
              <northBoundLatitude>
                <gco:Decimal>-21.205394</gco:Decimal>
              </northBoundLatitude>
            </EX_GeographicBoundingBox>
          </geographicElement>
        </EX_Extent>
      </extent>
      <extent>
        <EX_Extent>
          <geographicElement>
            <EX_GeographicBoundingBox>
              <extentTypeCode>
                <gco:Boolean>true</gco:Boolean>
              </extentTypeCode>
              <westBoundLongitude>
                <gco:Decimal>146.557398</gco:Decimal>
              </westBoundLongitude>
              <eastBoundLongitude>
                <gco:Decimal>151.586219</gco:Decimal>
              </eastBoundLongitude>
              <southBoundLatitude>
                <gco:Decimal>-26.476618</gco:Decimal>
              </southBoundLatitude>
              <northBoundLatitude>
                <gco:Decimal>-21.205394</gco:Decimal>
              </northBoundLatitude>
            </EX_GeographicBoundingBox>
          </geographicElement>
        </EX_Extent>
      </extent>
      <supplementalInformation>
        <gco:CharacterString>Soil erodibility is the susceptibility of soils to detachment and transportation by erosive agents. It is a composite expression of those soil properties that affect the behaviour of a soil and is a function of the mechanical, chemical and physical characteristics of the soil. Erodibility is independent of the other factors influencing soil erosion, such as topography, land use, rainfall intensity and plant cover, but may be changed by management. Simple soil erodibility is categorised into six classes. The higher the number, the greater the erodibility: 

0 = Not assessed 
21 = Very low erosion vulnerability 
22 = Low erosion vulnerability 
23 = Moderate erosion vulnerability 
24 = High erosion vulnerability 
25 = Very high erosion vulnerability.

The dataset was created for the Forage Website on behalf of the Reef Water Quality program of the Department of Environment and Heritage Protection. This dataset is a simplified version of the Fitzroy Basin soil erodibility dataset. It was designed for use in the FORAGE website's Soil Erodibility Report on the Long Paddock website.</gco:CharacterString>
      </supplementalInformation>
    </MD_DataIdentification>
  </identificationInfo>
  <contentInfo>
    <MD_ImageDescription>
      <attributeDescription>
        <gco:RecordType>simplified erodibility classes</gco:RecordType>
      </attributeDescription>
      <contentType>
        <MD_CoverageContentTypeCode codeList="http://www.isotc211.org/2005/resources/Codelist/gmxCodelists.xml#MD_CoverageContentTypeCode" codeListValue="thematicClassification" codeSpace="ISOTC211/19115">thematicClassification</MD_CoverageContentTypeCode>
      </contentType>
      <triangulationIndicator>
        <gco:Boolean>false</gco:Boolean>
      </triangulationIndicator>
      <radiometricCalibrationDataAvailability>
        <gco:Boolean>false</gco:Boolean>
      </radiometricCalibrationDataAvailability>
      <cameraCalibrationInformationAvailability>
        <gco:Boolean>false</gco:Boolean>
      </cameraCalibrationInformationAvailability>
      <filmDistortionInformationAvailability>
        <gco:Boolean>false</gco:Boolean>
      </filmDistortionInformationAvailability>
      <lensDistortionInformationAvailability>
        <gco:Boolean>false</gco:Boolean>
      </lensDistortionInformationAvailability>
    </MD_ImageDescription>
  </contentInfo>
  <distributionInfo>
    <MD_Distribution>
      <distributionFormat>
        <MD_Format>
          <name>
            <gco:CharacterString>SDE Raster Dataset</gco:CharacterString>
          </name>
          <version>
            <gco:CharacterString>1</gco:CharacterString>
          </version>
        </MD_Format>
      </distributionFormat>
      <distributor>
        <MD_Distributor>
          <distributorContact>
            <CI_ResponsibleParty>
              <individualName>
                <gco:CharacterString>DSITI Open Data</gco:CharacterString>
              </individualName>
              <organisationName>
                <gco:CharacterString>Department of Science, Information Technology and Innovation</gco:CharacterString>
              </organisationName>
              <positionName>
                <gco:CharacterString>Senior Product Officer</gco:CharacterString>
              </positionName>
              <contactInfo>
                <CI_Contact>
                  <phone>
                    <CI_Telephone>
                      <voice>
                        <gco:CharacterString>07 3330 4438</gco:CharacterString>
                      </voice>
                    </CI_Telephone>
                  </phone>
                  <address>
                    <CI_Address>
                      <electronicMailAddress>
                        <gco:CharacterString>opendata@dsiti.qld.gov.au</gco:CharacterString>
                      </electronicMailAddress>
                    </CI_Address>
                  </address>
                </CI_Contact>
              </contactInfo>
              <role>
                <CI_RoleCode codeList="http://www.isotc211.org/2005/resources/Codelist/gmxCodelists.xml#CI_RoleCode" codeListValue="distributor" codeSpace="ISOTC211/19115">distributor</CI_RoleCode>
              </role>
            </CI_ResponsibleParty>
          </distributorContact>
          <distributionOrderProcess>
            <MD_StandardOrderProcess>
              <orderingInstructions>
                <gco:CharacterString>Open the Queensland Spatial Catalogue (QSpatial). Select the large SEARCH button and all available records are displayed. Select one of the four filter options provided and then the further options within the filter. The resultant search is then displayed. Select your record and complete the order.</gco:CharacterString>
              </orderingInstructions>
            </MD_StandardOrderProcess>
          </distributionOrderProcess>
          <distributorFormat>
            <MD_Format>
              <name>
                <gco:CharacterString>Queensland Spatial Catalogue</gco:CharacterString>
              </name>
              <version>
                <gco:CharacterString>2.0</gco:CharacterString>
              </version>
              <specification>
                <gco:CharacterString>GeoTIFF</gco:CharacterString>
              </specification>
            </MD_Format>
          </distributorFormat>
          <distributorTransferOptions>
            <MD_DigitalTransferOptions>
              <unitsOfDistribution>
                <gco:CharacterString>Whole of dataset, although clipped areas are available through QSpatial</gco:CharacterString>
              </unitsOfDistribution>
              <transferSize>
                <gco:Real>38</gco:Real>
              </transferSize>
            </MD_DigitalTransferOptions>
          </distributorTransferOptions>
        </MD_Distributor>
      </distributor>
    </MD_Distribution>
  </distributionInfo>
  <dataQualityInfo>
    <DQ_DataQuality>
      <scope>
        <DQ_Scope>
          <level>
            <MD_ScopeCode codeList="http://www.isotc211.org/2005/resources/Codelist/gmxCodelists.xml#MD_ScopeCode" codeListValue="dataset" codeSpace="ISOTC211/19115">dataset</MD_ScopeCode>
          </level>
        </DQ_Scope>
      </scope>
      <report>
        <DQ_CompletenessOmission>
          <measureDescription>
            <gco:CharacterString>Complete. This dataset includes all areas within the Fitzroy NRM Region including coastal catchments</gco:CharacterString>
          </measureDescription>
          <result>
            <DQ_ConformanceResult>
              <specification>
                <CI_Citation>
                  <title>
                    <gco:CharacterString>Passed</gco:CharacterString>
                  </title>
                  <date>
                    <CI_Date>
                      <date>
                        <gco:Date>2017-04-04</gco:Date>
                      </date>
                      <dateType>
                        <CI_DateTypeCode codeList="http://www.isotc211.org/2005/resources/Codelist/gmxCodelists.xml#CI_DateTypeCode" codeListValue="creation" codeSpace="ISOTC211/19115">creation</CI_DateTypeCode>
                      </dateType>
                    </CI_Date>
                  </date>
                </CI_Citation>
              </specification>
              <explanation>
                <gco:CharacterString>Passed</gco:CharacterString>
              </explanation>
              <pass>
                <gco:Boolean>true</gco:Boolean>
              </pass>
            </DQ_ConformanceResult>
          </result>
        </DQ_CompletenessOmission>
      </report>
      <report>
        <DQ_ConceptualConsistency>
          <measureDescription>
            <gco:CharacterString>The dataset was produced using a soil erodibility classification specifically developed for the Burdekin Basin. For details, please see the following published paper: Zund PR (2017) Testing a soil erodibility classification scheme for the dry tropics of eastern australia. Land Degradation and Development</gco:CharacterString>
          </measureDescription>
          <result>
            <DQ_ConformanceResult>
              <specification>
                <CI_Citation>
                  <title>
                    <gco:CharacterString>Passed</gco:CharacterString>
                  </title>
                  <date>
                    <CI_Date>
                      <date>
                        <gco:Date>2017-03-30</gco:Date>
                      </date>
                      <dateType>
                        <CI_DateTypeCode codeList="http://www.isotc211.org/2005/resources/Codelist/gmxCodelists.xml#CI_DateTypeCode" codeListValue="creation" codeSpace="ISOTC211/19115">creation</CI_DateTypeCode>
                      </dateType>
                    </CI_Date>
                  </date>
                </CI_Citation>
              </specification>
              <explanation>
                <gco:CharacterString>Passed</gco:CharacterString>
              </explanation>
              <pass>
                <gco:Boolean>true</gco:Boolean>
              </pass>
            </DQ_ConformanceResult>
          </result>
        </DQ_ConceptualConsistency>
      </report>
      <report>
        <DQ_QuantitativeAttributeAccuracy>
          <measureDescription>
            <gco:CharacterString>The dataset is reliable to a 1:250,000 scale</gco:CharacterString>
          </measureDescription>
          <evaluationMethodType>
            <DQ_EvaluationMethodTypeCode codeList="http://www.isotc211.org/2005/resources/Codelist/gmxCodelists.xml#DQ_EvaluationMethodTypeCode" codeListValue="indirect" codeSpace="ISOTC211/19115">indirect</DQ_EvaluationMethodTypeCode>
          </evaluationMethodType>
          <evaluationMethodDescription>
            <gco:CharacterString>Base on the number of ground observations</gco:CharacterString>
          </evaluationMethodDescription>
          <result>
            <DQ_ConformanceResult>
              <specification>
                <CI_Citation>
                  <title>
                    <gco:CharacterString>Passed</gco:CharacterString>
                  </title>
                  <date>
                    <CI_Date>
                      <date>
                        <gco:Date>2017-03-30</gco:Date>
                      </date>
                      <dateType>
                        <CI_DateTypeCode codeList="http://www.isotc211.org/2005/resources/Codelist/gmxCodelists.xml#CI_DateTypeCode" codeListValue="creation" codeSpace="ISOTC211/19115">creation</CI_DateTypeCode>
                      </dateType>
                    </CI_Date>
                  </date>
                </CI_Citation>
              </specification>
              <explanation>
                <gco:CharacterString>Passed</gco:CharacterString>
              </explanation>
              <pass>
                <gco:Boolean>true</gco:Boolean>
              </pass>
            </DQ_ConformanceResult>
          </result>
        </DQ_QuantitativeAttributeAccuracy>
      </report>
      <lineage>
        <LI_Lineage>
          <statement>
            <gco:CharacterString>This dataset is based on the 3 arc-second DEM produced by TERN Soil facility using the 1 arc-second SRTM-derived Smoothed Digital Elevation Model (DEM-S; ANZCW0703014016). All datasets were clipped and aligned to this dataset using GDAL Warp.</gco:CharacterString>
          </statement>
        </LI_Lineage>
      </lineage>
    </DQ_DataQuality>
  </dataQualityInfo>
  <metadataConstraints>
    <MD_SecurityConstraints>
      <useLimitation>
        <gco:CharacterString>Public</gco:CharacterString>
      </useLimitation>
      <classification>
        <MD_ClassificationCode codeList="http://www.isotc211.org/2005/resources/Codelist/gmxCodelists.xml#MD_ClassificationCode" codeListValue="unclassified" codeSpace="ISOTC211/19115">unclassified</MD_ClassificationCode>
      </classification>
      <classificationSystem>
        <gco:CharacterString>Metadata Access Level</gco:CharacterString>
      </classificationSystem>
    </MD_SecurityConstraints>
  </metadataConstraints>
  <metadataMaintenance>
    <MD_MaintenanceInformation>
      <maintenanceAndUpdateFrequency>
        <MD_MaintenanceFrequencyCode codeList="http://www.isotc211.org/2005/resources/Codelist/gmxCodelists.xml#MD_MaintenanceFrequencyCode" codeListValue="notPlanned" codeSpace="ISOTC211/19115">notPlanned</MD_MaintenanceFrequencyCode>
      </maintenanceAndUpdateFrequency>
    </MD_MaintenanceInformation>
  </metadataMaintenance>
</MD_Metadata>