﻿<MD_Metadata xmlns="http://www.isotc211.org/2005/gmd" xmlns:gco="http://www.isotc211.org/2005/gco" xmlns:gts="http://www.isotc211.org/2005/gts" xmlns:srv="http://www.isotc211.org/2005/srv" xmlns:gml="http://www.opengis.net/gml" xmlns:xlink="http://www.w3.org/1999/xlink" xmlns:xsi="http://www.w3.org/2001/XMLSchema-instance">
  <fileIdentifier>
    <gco:CharacterString>{ED50A99C-FD18-4CCE-B0DE-6098519A214C}</gco:CharacterString>
  </fileIdentifier>
  <language>
    <LanguageCode codeList="http://www.loc.gov/standards/iso639-2/php/code_list.php" codeListValue="eng" codeSpace="ISO639-2">eng</LanguageCode>
  </language>
  <characterSet>
    <MD_CharacterSetCode codeList="http://www.isotc211.org/2005/resources/Codelist/gmxCodelists.xml#MD_CharacterSetCode" codeListValue="utf8" codeSpace="ISOTC211/19115">utf8</MD_CharacterSetCode>
  </characterSet>
  <parentIdentifier>
    <gco:CharacterString>{88A608C6-6007-4398-8379-7D373F925931}</gco:CharacterString>
  </parentIdentifier>
  <hierarchyLevel>
    <MD_ScopeCode codeList="http://www.isotc211.org/2005/resources/Codelist/gmxCodelists.xml#MD_ScopeCode" codeListValue="dataset" codeSpace="ISOTC211/19115">dataset</MD_ScopeCode>
  </hierarchyLevel>
  <hierarchyLevelName>
    <gco:CharacterString>dataset</gco:CharacterString>
  </hierarchyLevelName>
  <contact>
    <CI_ResponsibleParty>
      <individualName>
        <gco:CharacterString>Land Resource Officer - soils open data</gco:CharacterString>
      </individualName>
      <organisationName>
        <gco:CharacterString>Department of Environment and Science</gco:CharacterString>
      </organisationName>
      <positionName>
        <gco:CharacterString>Land Resource Officer</gco:CharacterString>
      </positionName>
      <contactInfo>
        <CI_Contact>
          <phone>
            <CI_Telephone>
              <voice>
                <gco:CharacterString>+617 3170 5623</gco:CharacterString>
              </voice>
            </CI_Telephone>
          </phone>
          <address>
            <CI_Address>
              <deliveryPoint>
                <gco:CharacterString>EcoSciences Precinct, 41 Boggo Road</gco:CharacterString>
              </deliveryPoint>
              <city>
                <gco:CharacterString>Dutton Park</gco:CharacterString>
              </city>
              <administrativeArea>
                <gco:CharacterString>Queensland</gco:CharacterString>
              </administrativeArea>
              <postalCode>
                <gco:CharacterString>4102</gco:CharacterString>
              </postalCode>
              <country>
                <Country codeList="http://www.iso.org/iso/country_codes/iso_3166_code_lists.htm" codeListValue="AU" codeSpace="ISO3166-1">AU</Country>
              </country>
              <electronicMailAddress>
                <gco:CharacterString>soils@qld.gov.au</gco:CharacterString>
              </electronicMailAddress>
            </CI_Address>
          </address>
          <hoursOfService>
            <gco:CharacterString>0900-1700 GMT+10 Brisbane</gco:CharacterString>
          </hoursOfService>
        </CI_Contact>
      </contactInfo>
      <role>
        <CI_RoleCode codeList="http://www.isotc211.org/2005/resources/Codelist/gmxCodelists.xml#CI_RoleCode" codeListValue="pointOfContact" codeSpace="ISOTC211/19115">pointOfContact</CI_RoleCode>
      </role>
    </CI_ResponsibleParty>
  </contact>
  <dateStamp>
    <gco:Date>2020-01-28</gco:Date>
  </dateStamp>
  <metadataStandardName>
    <gco:CharacterString>ISO 19139 Geographic Information - Metadata - Implementation Specification</gco:CharacterString>
  </metadataStandardName>
  <metadataStandardVersion>
    <gco:CharacterString>2007</gco:CharacterString>
  </metadataStandardVersion>
  <spatialRepresentationInfo>
    <MD_Georectified>
      <numberOfDimensions>
        <gco:Integer>2</gco:Integer>
      </numberOfDimensions>
      <axisDimensionProperties>
        <MD_Dimension>
          <dimensionName>
            <MD_DimensionNameTypeCode codeList="http://www.isotc211.org/2005/resources/Codelist/gmxCodelists.xml#MD_DimensionNameTypeCode" codeListValue="column" codeSpace="ISOTC211/19115">column</MD_DimensionNameTypeCode>
          </dimensionName>
          <dimensionSize>
            <gco:Integer>22338</gco:Integer>
          </dimensionSize>
          <resolution>
            <gco:Measure uom="m">92.77</gco:Measure>
          </resolution>
        </MD_Dimension>
      </axisDimensionProperties>
      <axisDimensionProperties>
        <MD_Dimension>
          <dimensionName>
            <MD_DimensionNameTypeCode codeList="http://www.isotc211.org/2005/resources/Codelist/gmxCodelists.xml#MD_DimensionNameTypeCode" codeListValue="row" codeSpace="ISOTC211/19115">row</MD_DimensionNameTypeCode>
          </dimensionName>
          <dimensionSize>
            <gco:Integer>22379</gco:Integer>
          </dimensionSize>
          <resolution>
            <gco:Measure uom="m">92.77</gco:Measure>
          </resolution>
        </MD_Dimension>
      </axisDimensionProperties>
      <cellGeometry>
        <MD_CellGeometryCode codeList="http://www.isotc211.org/2005/resources/Codelist/gmxCodelists.xml#MD_CellGeometryCode" codeListValue="area" codeSpace="ISOTC211/19115">area</MD_CellGeometryCode>
      </cellGeometry>
      <transformationParameterAvailability>
        <gco:Boolean>false</gco:Boolean>
      </transformationParameterAvailability>
      <checkPointAvailability>
        <gco:Boolean>false</gco:Boolean>
      </checkPointAvailability>
      <pointInPixel>
        <MD_PixelOrientationCode>center</MD_PixelOrientationCode>
      </pointInPixel>
    </MD_Georectified>
  </spatialRepresentationInfo>
  <referenceSystemInfo>
    <MD_ReferenceSystem>
      <referenceSystemIdentifier>
        <RS_Identifier>
          <code>
            <gco:CharacterString>0</gco:CharacterString>
          </code>
        </RS_Identifier>
      </referenceSystemIdentifier>
    </MD_ReferenceSystem>
  </referenceSystemInfo>
  <identificationInfo>
    <MD_DataIdentification>
      <citation>
        <CI_Citation>
          <title>
            <gco:CharacterString>K factor - Revised Universal Soil Loss Equation - Queensland</gco:CharacterString>
          </title>
          <alternateTitle>
            <gco:CharacterString>USLE K Factor Queensland</gco:CharacterString>
          </alternateTitle>
          <date>
            <CI_Date>
              <date>
                <gco:Date>2013-06-18</gco:Date>
              </date>
              <dateType>
                <CI_DateTypeCode codeList="http://www.isotc211.org/2005/resources/Codelist/gmxCodelists.xml#CI_DateTypeCode" codeListValue="creation" codeSpace="ISOTC211/19115">creation</CI_DateTypeCode>
              </dateType>
            </CI_Date>
          </date>
          <date>
            <CI_Date>
              <date>
                <gco:Date>2013-08-16</gco:Date>
              </date>
              <dateType>
                <CI_DateTypeCode codeList="http://www.isotc211.org/2005/resources/Codelist/gmxCodelists.xml#CI_DateTypeCode" codeListValue="publication" codeSpace="ISOTC211/19115">publication</CI_DateTypeCode>
              </dateType>
            </CI_Date>
          </date>
          <citedResponsibleParty>
            <CI_ResponsibleParty>
              <individualName>
                <gco:CharacterString>Land Resource Officer - soils open data</gco:CharacterString>
              </individualName>
              <organisationName>
                <gco:CharacterString>Department of Environment and Science</gco:CharacterString>
              </organisationName>
              <positionName>
                <gco:CharacterString>Land Resource Officer</gco:CharacterString>
              </positionName>
              <contactInfo>
                <CI_Contact>
                  <phone>
                    <CI_Telephone>
                      <voice>
                        <gco:CharacterString>+617 3170 5623</gco:CharacterString>
                      </voice>
                    </CI_Telephone>
                  </phone>
                  <address>
                    <CI_Address>
                      <deliveryPoint>
                        <gco:CharacterString>EcoSciences Precinct, 41 Boggo Road</gco:CharacterString>
                      </deliveryPoint>
                      <city>
                        <gco:CharacterString>Dutton Park</gco:CharacterString>
                      </city>
                      <administrativeArea>
                        <gco:CharacterString>Queensland</gco:CharacterString>
                      </administrativeArea>
                      <postalCode>
                        <gco:CharacterString>4102</gco:CharacterString>
                      </postalCode>
                      <country>
                        <Country codeList="http://www.iso.org/iso/country_codes/iso_3166_code_lists.htm" codeListValue="AU" codeSpace="ISO3166-1">AU</Country>
                      </country>
                      <electronicMailAddress>
                        <gco:CharacterString>soils@qld.gov.au</gco:CharacterString>
                      </electronicMailAddress>
                    </CI_Address>
                  </address>
                  <hoursOfService>
                    <gco:CharacterString>0900-1700 GMT+10 Brisbane</gco:CharacterString>
                  </hoursOfService>
                </CI_Contact>
              </contactInfo>
              <role>
                <CI_RoleCode codeList="http://www.isotc211.org/2005/resources/Codelist/gmxCodelists.xml#CI_RoleCode" codeListValue="pointOfContact" codeSpace="ISOTC211/19115">pointOfContact</CI_RoleCode>
              </role>
            </CI_ResponsibleParty>
          </citedResponsibleParty>
          <citedResponsibleParty>
            <CI_ResponsibleParty>
              <individualName>
                <gco:CharacterString>DES, S&amp;T, DDG S&amp;T</gco:CharacterString>
              </individualName>
              <organisationName>
                <gco:CharacterString>Department of Environment and Science</gco:CharacterString>
              </organisationName>
              <positionName>
                <gco:CharacterString>Deputy Director-General, Science and Technology Division</gco:CharacterString>
              </positionName>
              <role>
                <CI_RoleCode codeList="http://www.isotc211.org/2005/resources/Codelist/gmxCodelists.xml#CI_RoleCode" codeListValue="custodian" codeSpace="ISOTC211/19115">custodian</CI_RoleCode>
              </role>
            </CI_ResponsibleParty>
          </citedResponsibleParty>
          <citedResponsibleParty>
            <CI_ResponsibleParty>
              <individualName>
                <gco:CharacterString>DES, S&amp;T, SLR, SL</gco:CharacterString>
              </individualName>
              <organisationName>
                <gco:CharacterString>Department of Environment and Science</gco:CharacterString>
              </organisationName>
              <positionName>
                <gco:CharacterString>Science Leader, Soil and Land Resources</gco:CharacterString>
              </positionName>
              <role>
                <CI_RoleCode codeList="http://www.isotc211.org/2005/resources/Codelist/gmxCodelists.xml#CI_RoleCode" codeListValue="resourceProvider" codeSpace="ISOTC211/19115">resourceProvider</CI_RoleCode>
              </role>
            </CI_ResponsibleParty>
          </citedResponsibleParty>
          <citedResponsibleParty>
            <CI_ResponsibleParty>
              <individualName>
                <gco:CharacterString>Principal Scientist Modelling, Soil and Land Resources</gco:CharacterString>
              </individualName>
              <organisationName>
                <gco:CharacterString>Department of Environment and Science</gco:CharacterString>
              </organisationName>
              <positionName>
                <gco:CharacterString>Principal Scientist Modelling</gco:CharacterString>
              </positionName>
              <contactInfo>
                <CI_Contact>
                  <phone>
                    <CI_Telephone>
                      <voice>
                        <gco:CharacterString>+617 3170 5623</gco:CharacterString>
                      </voice>
                    </CI_Telephone>
                  </phone>
                  <address>
                    <CI_Address>
                      <deliveryPoint>
                        <gco:CharacterString>EcoSciences Precinct, 41 Boggo Road</gco:CharacterString>
                      </deliveryPoint>
                      <city>
                        <gco:CharacterString>Dutton Park</gco:CharacterString>
                      </city>
                      <administrativeArea>
                        <gco:CharacterString>Queensland</gco:CharacterString>
                      </administrativeArea>
                      <postalCode>
                        <gco:CharacterString>4102</gco:CharacterString>
                      </postalCode>
                      <country>
                        <Country codeList="http://www.iso.org/iso/country_codes/iso_3166_code_lists.htm" codeListValue="AU" codeSpace="ISO3166-1">AU</Country>
                      </country>
                      <electronicMailAddress>
                        <gco:CharacterString>soils@qld.gov.au</gco:CharacterString>
                      </electronicMailAddress>
                    </CI_Address>
                  </address>
                  <hoursOfService>
                    <gco:CharacterString>0900-1700 GMT+10 Brisbane</gco:CharacterString>
                  </hoursOfService>
                </CI_Contact>
              </contactInfo>
              <role>
                <CI_RoleCode codeList="http://www.isotc211.org/2005/resources/Codelist/gmxCodelists.xml#CI_RoleCode" codeListValue="originator" codeSpace="ISOTC211/19115">originator</CI_RoleCode>
              </role>
            </CI_ResponsibleParty>
          </citedResponsibleParty>
          <citedResponsibleParty>
            <CI_ResponsibleParty>
              <individualName>
                <gco:CharacterString>Land Resource Officer - soils open data</gco:CharacterString>
              </individualName>
              <organisationName>
                <gco:CharacterString>Department of Environment and Science</gco:CharacterString>
              </organisationName>
              <positionName>
                <gco:CharacterString>Land Resource Officer</gco:CharacterString>
              </positionName>
              <contactInfo>
                <CI_Contact>
                  <phone>
                    <CI_Telephone>
                      <voice>
                        <gco:CharacterString>+617 3170 5623</gco:CharacterString>
                      </voice>
                    </CI_Telephone>
                  </phone>
                  <address>
                    <CI_Address>
                      <deliveryPoint>
                        <gco:CharacterString>EcoSciences Precinct, 41 Boggo Road</gco:CharacterString>
                      </deliveryPoint>
                      <city>
                        <gco:CharacterString>Dutton Park</gco:CharacterString>
                      </city>
                      <administrativeArea>
                        <gco:CharacterString>Queensland</gco:CharacterString>
                      </administrativeArea>
                      <postalCode>
                        <gco:CharacterString>4102</gco:CharacterString>
                      </postalCode>
                      <country>
                        <Country codeList="http://www.iso.org/iso/country_codes/iso_3166_code_lists.htm" codeListValue="AU" codeSpace="ISO3166-1">AU</Country>
                      </country>
                      <electronicMailAddress>
                        <gco:CharacterString>soils@qld.gov.au</gco:CharacterString>
                      </electronicMailAddress>
                    </CI_Address>
                  </address>
                  <hoursOfService>
                    <gco:CharacterString>0900-1700 GMT+10 Brisbane</gco:CharacterString>
                  </hoursOfService>
                </CI_Contact>
              </contactInfo>
              <role>
                <CI_RoleCode codeList="http://www.isotc211.org/2005/resources/Codelist/gmxCodelists.xml#CI_RoleCode" codeListValue="principalInvestigator" codeSpace="ISOTC211/19115">principalInvestigator</CI_RoleCode>
              </role>
            </CI_ResponsibleParty>
          </citedResponsibleParty>
          <presentationForm>
            <CI_PresentationFormCode codeList="http://www.isotc211.org/2005/resources/Codelist/gmxCodelists.xml#CI_PresentationFormCode" codeListValue="tableDigital" codeSpace="ISOTC211/19115">tableDigital</CI_PresentationFormCode>
          </presentationForm>
        </CI_Citation>
      </citation>
      <abstract>
        <gco:CharacterString>This layer represents the soil erodibility (K) factor used in the Revised Universal Soil Loss Equation (RUSLE). It is derived from soil data contained in the Australian Soil Resource Information System (ASRIS), and is intended for predicting long term average annual hillslope erosion rates across Queensland.</gco:CharacterString>
      </abstract>
      <purpose>
        <gco:CharacterString>Provides a graphical representation of the K factor for erosion modelling in Queensland.</gco:CharacterString>
      </purpose>
      <credit>
        <gco:CharacterString>&amp;copy State of Queensland (Department of Environment and Science) 2020

</gco:CharacterString>
      </credit>
      <status>
        <MD_ProgressCode codeList="http://www.isotc211.org/2005/resources/Codelist/gmxCodelists.xml#MD_ProgressCode" codeListValue="completed" codeSpace="ISOTC211/19115">completed</MD_ProgressCode>
      </status>
      <pointOfContact>
        <CI_ResponsibleParty>
          <individualName>
            <gco:CharacterString>Land Resource Officer - soils open data</gco:CharacterString>
          </individualName>
          <organisationName>
            <gco:CharacterString>Department of Environment and Science</gco:CharacterString>
          </organisationName>
          <positionName>
            <gco:CharacterString>Land Resource Officer</gco:CharacterString>
          </positionName>
          <contactInfo>
            <CI_Contact>
              <phone>
                <CI_Telephone>
                  <voice>
                    <gco:CharacterString>+617 3170 5623</gco:CharacterString>
                  </voice>
                </CI_Telephone>
              </phone>
              <address>
                <CI_Address>
                  <deliveryPoint>
                    <gco:CharacterString>EcoSciences Precinct, 41 Boggo Road</gco:CharacterString>
                  </deliveryPoint>
                  <city>
                    <gco:CharacterString>Dutton Park</gco:CharacterString>
                  </city>
                  <administrativeArea>
                    <gco:CharacterString>Queensland</gco:CharacterString>
                  </administrativeArea>
                  <postalCode>
                    <gco:CharacterString>4102</gco:CharacterString>
                  </postalCode>
                  <country>
                    <Country codeList="http://www.iso.org/iso/country_codes/iso_3166_code_lists.htm" codeListValue="AU" codeSpace="ISO3166-1">AU</Country>
                  </country>
                  <electronicMailAddress>
                    <gco:CharacterString>soils@qld.gov.au</gco:CharacterString>
                  </electronicMailAddress>
                </CI_Address>
              </address>
              <hoursOfService>
                <gco:CharacterString>0900-1700 GMT+10 Brisbane</gco:CharacterString>
              </hoursOfService>
            </CI_Contact>
          </contactInfo>
          <role>
            <CI_RoleCode codeList="http://www.isotc211.org/2005/resources/Codelist/gmxCodelists.xml#CI_RoleCode" codeListValue="pointOfContact" codeSpace="ISOTC211/19115">pointOfContact</CI_RoleCode>
          </role>
        </CI_ResponsibleParty>
      </pointOfContact>
      <resourceMaintenance>
        <MD_MaintenanceInformation>
          <maintenanceAndUpdateFrequency>
            <MD_MaintenanceFrequencyCode codeList="http://www.isotc211.org/2005/resources/Codelist/gmxCodelists.xml#MD_MaintenanceFrequencyCode" codeListValue="notPlanned" codeSpace="ISOTC211/19115">notPlanned</MD_MaintenanceFrequencyCode>
          </maintenanceAndUpdateFrequency>
        </MD_MaintenanceInformation>
      </resourceMaintenance>
      <descriptiveKeywords>
        <MD_Keywords>
          <keyword>
            <gco:CharacterString>SOIL</gco:CharacterString>
          </keyword>
          <keyword>
            <gco:CharacterString>WATER</gco:CharacterString>
          </keyword>
          <keyword>
            <gco:CharacterString>SOIL Physics</gco:CharacterString>
          </keyword>
          <type>
            <MD_KeywordTypeCode codeList="http://www.isotc211.org/2005/resources/Codelist/gmxCodelists.xml#MD_KeywordTypeCode" codeListValue="theme" codeSpace="ISOTC211/19115">theme</MD_KeywordTypeCode>
          </type>
          <thesaurusName>
            <CI_Citation>
              <title>
                <gco:CharacterString>ANZLIC Search Words</gco:CharacterString>
              </title>
              <date>
                <CI_Date>
                  <date>
                    <gco:Date>2007-08-01</gco:Date>
                  </date>
                  <dateType>
                    <CI_DateTypeCode codeList="http://www.isotc211.org/2005/resources/Codelist/gmxCodelists.xml#CI_DateTypeCode" codeListValue="publication" codeSpace="ISOTC211/19115">publication</CI_DateTypeCode>
                  </dateType>
                </CI_Date>
              </date>
            </CI_Citation>
          </thesaurusName>
        </MD_Keywords>
      </descriptiveKeywords>
      <descriptiveKeywords>
        <MD_Keywords>
          <keyword>
            <gco:CharacterString>Sciences</gco:CharacterString>
          </keyword>
          <type>
            <MD_KeywordTypeCode codeList="http://www.isotc211.org/2005/resources/Codelist/gmxCodelists.xml#MD_KeywordTypeCode" codeListValue="theme" codeSpace="ISOTC211/19115">theme</MD_KeywordTypeCode>
          </type>
          <thesaurusName>
            <CI_Citation>
              <title>
                <gco:CharacterString>Queensland Open Data Category</gco:CharacterString>
              </title>
              <date>
                <CI_Date>
                  <date>
                    <gco:Date>2013-01-01</gco:Date>
                  </date>
                  <dateType>
                    <CI_DateTypeCode codeList="http://www.isotc211.org/2005/resources/Codelist/gmxCodelists.xml#CI_DateTypeCode" codeListValue="publication" codeSpace="ISOTC211/19115">publication</CI_DateTypeCode>
                  </dateType>
                </CI_Date>
              </date>
            </CI_Citation>
          </thesaurusName>
        </MD_Keywords>
      </descriptiveKeywords>
      <descriptiveKeywords>
        <MD_Keywords>
          <keyword>
            <gco:CharacterString>Downloadable Data</gco:CharacterString>
          </keyword>
          <thesaurusName uuidref="723f6998-058e-11dc-8314-0800200c9a66" />
        </MD_Keywords>
      </descriptiveKeywords>
      <resourceConstraints>
        <MD_LegalConstraints>
          <accessConstraints>
            <MD_RestrictionCode codeList="http://www.isotc211.org/2005/resources/Codelist/gmxCodelists.xml#MD_RestrictionCode" codeListValue="otherRestrictions" codeSpace="ISOTC211/19115">otherRestrictions</MD_RestrictionCode>
          </accessConstraints>
          <otherConstraints>
            <gco:CharacterString>Based on or contains data provided by the State of Queensland &lt;year&gt;. The State makes no representations or warranties in relation to the supplied data, and you agree that, to the extent permitted by law, all warranties relating to accuracy, reliability, completeness, currency or suitability for any particular purpose and all liability for any loss, damage or costs (including consequential damage) incurred in any way (including but not limited to that arising from negligence) in connection with any use of or reliance on the supplied data are excluded or limited. You agree to continually indemnify the State (including its officers and employees) against any loss, cost, expense, damage and liability of any kind (including consequential damage and liability in negligence) arising directly or indirectly from or related to any claim relating to your use of the supplied data or any product made from the supplied data.</gco:CharacterString>
          </otherConstraints>
        </MD_LegalConstraints>
      </resourceConstraints>
      <resourceConstraints>
        <MD_LegalConstraints>
          <useLimitation>
            <gco:CharacterString>This material is licensed under a Creative Commons - Attribution 4.0 licence. The State of Queensland requests attribution in the following manner: &amp;copy State of Queensland 2020.</gco:CharacterString>
          </useLimitation>
          <useConstraints>
            <MD_RestrictionCode codeList="http://www.isotc211.org/2005/resources/Codelist/gmxCodelists.xml#MD_RestrictionCode" codeListValue="license" codeSpace="ISOTC211/19115">license</MD_RestrictionCode>
          </useConstraints>
        </MD_LegalConstraints>
      </resourceConstraints>
      <resourceConstraints>
        <MD_SecurityConstraints>
          <useLimitation>
            <gco:CharacterString>Public</gco:CharacterString>
          </useLimitation>
          <classification>
            <MD_ClassificationCode codeList="http://www.isotc211.org/2005/resources/Codelist/gmxCodelists.xml#MD_ClassificationCode" codeListValue="unclassified" codeSpace="ISOTC211/19115">unclassified</MD_ClassificationCode>
          </classification>
          <classificationSystem>
            <gco:CharacterString>Resource Access Level</gco:CharacterString>
          </classificationSystem>
        </MD_SecurityConstraints>
      </resourceConstraints>
      <spatialRepresentationType>
        <MD_SpatialRepresentationTypeCode codeList="http://www.isotc211.org/2005/resources/Codelist/gmxCodelists.xml#MD_SpatialRepresentationTypeCode" codeListValue="grid" codeSpace="ISOTC211/19115">grid</MD_SpatialRepresentationTypeCode>
      </spatialRepresentationType>
      <language>
        <LanguageCode codeList="http://www.loc.gov/standards/iso639-2/php/code_list.php" codeListValue="eng" codeSpace="ISO639-2">eng</LanguageCode>
      </language>
      <characterSet>
        <MD_CharacterSetCode codeList="http://www.isotc211.org/2005/resources/Codelist/gmxCodelists.xml#MD_CharacterSetCode" codeListValue="utf8" codeSpace="ISOTC211/19115">utf8</MD_CharacterSetCode>
      </characterSet>
      <topicCategory>
        <MD_TopicCategoryCode>geoscientificInformation</MD_TopicCategoryCode>
      </topicCategory>
      <environmentDescription>
        <gco:CharacterString> Version 6.2 (Build 9200) ; Esri ArcGIS 10.7.1.11595</gco:CharacterString>
      </environmentDescription>
      <extent>
        <EX_Extent>
          <description>
            <gco:CharacterString>Queensland</gco:CharacterString>
          </description>
          <geographicElement>
            <EX_GeographicBoundingBox>
              <extentTypeCode>
                <gco:Boolean>true</gco:Boolean>
              </extentTypeCode>
              <westBoundLongitude>
                <gco:Decimal>132.539243</gco:Decimal>
              </westBoundLongitude>
              <eastBoundLongitude>
                <gco:Decimal>153.638614</gco:Decimal>
              </eastBoundLongitude>
              <southBoundLatitude>
                <gco:Decimal>-29.253657</gco:Decimal>
              </southBoundLatitude>
              <northBoundLatitude>
                <gco:Decimal>-10.111855</gco:Decimal>
              </northBoundLatitude>
            </EX_GeographicBoundingBox>
          </geographicElement>
        </EX_Extent>
      </extent>
      <supplementalInformation>
        <gco:CharacterString>The RUSLE is intended to predict long-term rates of gross hillslope (rill and interrill) erosion only. It does not account for sediment deposition, and is thus not an estimate of sediment yield. It does not account for concentrated flow in gullies or stream channels.

The RUSLE equation represents six factors considered to be major drivers of erosion, but other factors may be important in particular locations or during any given storm event. The values of the factors will vary considerably about their means from storm to storm but the effects of random fluctuations tend to average out over extended periods (Rosewell 1993).

Data to calculate the K factor is taken from the Australian Soil Resource Information System (ASRIS) (McKenzie et al 2012) which sources its data from the Queensland Government's Soil and Land Information (SALI) database. Attribute data in ASRIS varies in quality, with data sourced from a combination of field and laboratory measurements and pedotransfer functions. The land resource surveys comprising the Queensland ASRIS coverage vary in spatial scale from 1:2 million to 1:5,000. The finest scale the data should be used at is 1:250,000, to support regional-scale assessment.

**Spatial reference:
This data set is stored in projected coordinate system that does not use ‘standard’ parameters. The specific parameters used create an accurate representation for use throughout Queensland, but may not be the most appropriate coordinate system for broader areas of interest, such as Australia.

The projection details as Well Known Text format are:

PROJCS["GDA94 / Queensland NRM Albers",
    GEOGCS["GDA94",
        DATUM["Geocentric_Datum_of_Australia_1994",
            SPHEROID["GRS 1980",6378137,298.257222101,
                AUTHORITY["EPSG","7019"]],
            TOWGS84[0,0,0,0,0,0,0],
            AUTHORITY["EPSG","6283"]],
        PRIMEM["Greenwich",0,
            AUTHORITY["EPSG","8901"]],
        UNIT["degree",0.01745329251994328,
            AUTHORITY["EPSG","9122"]],
        AUTHORITY["EPSG","4283"]],
    UNIT["metre",1,
        AUTHORITY["EPSG","9001"]],
    PROJECTION["Albers_Conic_Equal_Area"],
    PARAMETER["standard_parallel_1",-13.16666666666667],
    PARAMETER["standard_parallel_2",-25.83333333333333],
    PARAMETER["latitude_of_center",0],
    PARAMETER["longitude_of_center",146],
    PARAMETER["false_easting",0],
    PARAMETER["false_northing",0],
    AXIS["Easting",EAST],
    AXIS["Northing",NORTH]]

The projection details in PROJ.4 format are:

+proj=aea +lat_1=-13.16666666666667 +lat_2=-25.83333333333333 +lat_0=0 +lon_0=146 +x_0=0 +y_0=0 +ellps=GRS80 +towgs84=0,0,0,0,0,0,0 +units=m +no_defs


References: 

McKenzie NJ, Jacquier DW, Maschmedt DJ, Griffin EA and Brough DM (2012). The Australian Soil Resource Information System (ASRIS) Technical Specifications. Revised Version 1.6 June 2012. The Australian Collaborative Land Evaluation Program.

Rosewell CJ (1993). SOILOSS - a program to assist in the selection of management practices to reduce erosion. Soil Conservation Service Technical Handbook No. 11, 2nd Edition. </gco:CharacterString>
      </supplementalInformation>
    </MD_DataIdentification>
  </identificationInfo>
  <contentInfo>
    <MD_ImageDescription>
      <attributeDescription>
        <gco:RecordType>K Factor</gco:RecordType>
      </attributeDescription>
      <contentType>
        <MD_CoverageContentTypeCode codeList="http://www.isotc211.org/2005/resources/Codelist/gmxCodelists.xml#MD_CoverageContentTypeCode" codeListValue="thematicClassification" codeSpace="ISOTC211/19115">thematicClassification</MD_CoverageContentTypeCode>
      </contentType>
      <triangulationIndicator>
        <gco:Boolean>false</gco:Boolean>
      </triangulationIndicator>
      <radiometricCalibrationDataAvailability>
        <gco:Boolean>false</gco:Boolean>
      </radiometricCalibrationDataAvailability>
      <cameraCalibrationInformationAvailability>
        <gco:Boolean>false</gco:Boolean>
      </cameraCalibrationInformationAvailability>
      <filmDistortionInformationAvailability>
        <gco:Boolean>false</gco:Boolean>
      </filmDistortionInformationAvailability>
      <lensDistortionInformationAvailability>
        <gco:Boolean>false</gco:Boolean>
      </lensDistortionInformationAvailability>
    </MD_ImageDescription>
  </contentInfo>
  <distributionInfo>
    <MD_Distribution>
      <distributionFormat>
        <MD_Format>
          <name>
            <gco:CharacterString>SDE Raster Dataset</gco:CharacterString>
          </name>
          <version>
            <gco:CharacterString>1</gco:CharacterString>
          </version>
        </MD_Format>
      </distributionFormat>
      <distributor>
        <MD_Distributor>
          <distributorContact>
            <CI_ResponsibleParty>
              <individualName>
                <gco:CharacterString>DES Open Data</gco:CharacterString>
              </individualName>
              <organisationName>
                <gco:CharacterString>Department of Environment and Science</gco:CharacterString>
              </organisationName>
              <positionName>
                <gco:CharacterString>opendata@des.qld.gov.au</gco:CharacterString>
              </positionName>
              <role>
                <CI_RoleCode codeList="http://www.isotc211.org/2005/resources/Codelist/gmxCodelists.xml#CI_RoleCode" codeListValue="distributor" codeSpace="ISOTC211/19115">distributor</CI_RoleCode>
              </role>
            </CI_ResponsibleParty>
          </distributorContact>
          <distributorFormat>
            <MD_Format>
              <name>
                <gco:CharacterString>From the Queensland Spatial Catalogue as GeoTIFF</gco:CharacterString>
              </name>
              <version>
                <gco:CharacterString>1</gco:CharacterString>
              </version>
            </MD_Format>
          </distributorFormat>
          <distributorTransferOptions>
            <MD_DigitalTransferOptions>
              <unitsOfDistribution>
                <gco:CharacterString>MB</gco:CharacterString>
              </unitsOfDistribution>
              <transferSize>
                <gco:Real>58</gco:Real>
              </transferSize>
            </MD_DigitalTransferOptions>
          </distributorTransferOptions>
        </MD_Distributor>
      </distributor>
    </MD_Distribution>
  </distributionInfo>
  <dataQualityInfo>
    <DQ_DataQuality>
      <scope>
        <DQ_Scope>
          <level>
            <MD_ScopeCode codeList="http://www.isotc211.org/2005/resources/Codelist/gmxCodelists.xml#MD_ScopeCode" codeListValue="dataset" codeSpace="ISOTC211/19115">dataset</MD_ScopeCode>
          </level>
        </DQ_Scope>
      </scope>
      <lineage>
        <LI_Lineage>
          <statement>
            <gco:CharacterString>The Revised Universal Soil Loss Equation is an erosion model which predicts long term average annual hillslope (rill and interrill) erosion. RUSLE takes the following form, which includes six main factors affecting erosion:

A = R x K x L x S x C x P

A = soil loss(t/ha/yr)
R = rainfall erosivity factor
K = soil erodibility factor
L = slope length factor
S = slope steepness factor
C = crop and cover management factor
P = support practice factor

The soil erodibility (K) factor of the RUSLE is defined as the rate of soil loss per erosion index (EI30) unit, for a specified soil as measured on the unit plot. It intends to represent the long-term susceptibility of differnt soil to erosion due to inherent soil properties. The unit of the K factor is t/ha/h per ha/MJ/mm. See Renard et al. (1997) for more detail of the K factor and RUSLE.
K factor is derived by a series of equations. The basis of the calculation is the soil erodibility nomograph of Wischmeier and Smith (1978), which estimates K from surface soil structure, organic carbon content and particle size distribution, and profile permeability. Wischmeier and Smith's M parameter (the particle size parameter) is replaced by the method of Lu et al (2003) which accounts for the use of fully dispersed particle size data. The resultant K value is then adjusted using the wet sediment density adjustment equation of Loch and Rosewell (1992). 

References:
Loch RJ and Rosewell CJ (1992). Laboratory methods for measurement of soil erodibility (K factors) for the Universal Soil Loss Equation. Australian Journal of Soil Research, 30, 233-248.
Lu H, Prosser IP, Moran CJ, Gallant JC, Priestley G and Stevenson JG (2003). Predicting sheetwash and rill erosion over the Australian continent. Australian Journal of Soil Research, 41, 1037-1062.
Renard KG, Foster GA, Weesies DK, McCool DK and Yoder DC (1997). Predicting soil erosion by water: a guide to conservation planning with the revised universal soil loss equation. Agriculture Handbook No. 703. United States Department of Agriculture, Washington DC.
Wischmeier WH and Smith DD (1978). Predicting rainfall erosion losses - a guide to conservation planning. Agriculture Handbook No. 537. United States Department of Agriculture, Washington DC.
</gco:CharacterString>
          </statement>
          <processStep>
            <LI_ProcessStep>
              <description>
                <gco:CharacterString>Data Custodian nominated.</gco:CharacterString>
              </description>
              <processor>
                <CI_ResponsibleParty>
                  <individualName>
                    <gco:CharacterString>Data Custodian (A/D-G, Science Delivery)</gco:CharacterString>
                  </individualName>
                  <organisationName>
                    <gco:CharacterString>Department of Science Information Technology Innovation and the Arts</gco:CharacterString>
                  </organisationName>
                  <positionName>
                    <gco:CharacterString>Assistant Director-General, Science Delivery</gco:CharacterString>
                  </positionName>
                  <contactInfo>
                    <CI_Contact>
                      <address>
                        <CI_Address>
                          <electronicMailAddress>
                            <gco:CharacterString>Christine.Williams@qld.gov.au</gco:CharacterString>
                          </electronicMailAddress>
                        </CI_Address>
                      </address>
                    </CI_Contact>
                  </contactInfo>
                  <role>
                    <CI_RoleCode codeList="http://www.isotc211.org/2005/resources/Codelist/gmxCodelists.xml#CI_RoleCode" codeListValue="custodian" codeSpace="ISOTC211/19115">custodian</CI_RoleCode>
                  </role>
                </CI_ResponsibleParty>
              </processor>
            </LI_ProcessStep>
          </processStep>
          <processStep>
            <LI_ProcessStep>
              <description>
                <gco:CharacterString>Layer Controller nominated.</gco:CharacterString>
              </description>
              <processor>
                <CI_ResponsibleParty>
                  <individualName>
                    <gco:CharacterString>Trevor Eastley</gco:CharacterString>
                  </individualName>
                  <organisationName>
                    <gco:CharacterString>Department of Natural Resources and Mines</gco:CharacterString>
                  </organisationName>
                  <positionName>
                    <gco:CharacterString>Layer Controller</gco:CharacterString>
                  </positionName>
                  <contactInfo>
                    <CI_Contact>
                      <address>
                        <CI_Address>
                          <country>
                            <Country codeList="http://www.iso.org/iso/country_codes/iso_3166_code_lists.htm" codeListValue="AU" codeSpace="ISO3166-1">AU</Country>
                          </country>
                          <electronicMailAddress>
                            <gco:CharacterString>Trevor.Eastley@qld.gov.au</gco:CharacterString>
                          </electronicMailAddress>
                        </CI_Address>
                      </address>
                    </CI_Contact>
                  </contactInfo>
                  <role>
                    <CI_RoleCode codeList="http://www.isotc211.org/2005/resources/Codelist/gmxCodelists.xml#CI_RoleCode" codeListValue="processor" codeSpace="ISOTC211/19115">processor</CI_RoleCode>
                  </role>
                </CI_ResponsibleParty>
              </processor>
            </LI_ProcessStep>
          </processStep>
          <processStep>
            <LI_ProcessStep>
              <description>
                <gco:CharacterString>Content Authority nominated.</gco:CharacterString>
              </description>
              <processor>
                <CI_ResponsibleParty>
                  <individualName>
                    <gco:CharacterString>Robin Ellis</gco:CharacterString>
                  </individualName>
                  <organisationName>
                    <gco:CharacterString>Department of Science, Information Technology, Innovation, and the Arts</gco:CharacterString>
                  </organisationName>
                  <positionName>
                    <gco:CharacterString>Principal Scientist Modelling</gco:CharacterString>
                  </positionName>
                  <contactInfo>
                    <CI_Contact>
                      <address>
                        <CI_Address>
                          <country>
                            <Country codeList="http://www.iso.org/iso/country_codes/iso_3166_code_lists.htm" codeListValue="AU" codeSpace="ISO3166-1">AU</Country>
                          </country>
                          <electronicMailAddress>
                            <gco:CharacterString>robin.ellis@science.dsitia.qld.gov.au</gco:CharacterString>
                          </electronicMailAddress>
                        </CI_Address>
                      </address>
                    </CI_Contact>
                  </contactInfo>
                  <role>
                    <CI_RoleCode codeList="http://www.isotc211.org/2005/resources/Codelist/gmxCodelists.xml#CI_RoleCode" codeListValue="processor" codeSpace="ISOTC211/19115">processor</CI_RoleCode>
                  </role>
                </CI_ResponsibleParty>
              </processor>
            </LI_ProcessStep>
          </processStep>
          <processStep>
            <LI_ProcessStep>
              <description>
                <gco:CharacterString>Information Management Authority nominated.</gco:CharacterString>
              </description>
              <processor>
                <CI_ResponsibleParty>
                  <individualName>
                    <gco:CharacterString>Senior Spatial Information Officer (Product Delivery)</gco:CharacterString>
                  </individualName>
                  <organisationName>
                    <gco:CharacterString>Department of Natural Resources and Mines</gco:CharacterString>
                  </organisationName>
                  <positionName>
                    <gco:CharacterString>Client Outcomes (Product Delivery)</gco:CharacterString>
                  </positionName>
                  <contactInfo>
                    <CI_Contact>
                      <address>
                        <CI_Address>
                          <country>
                            <Country codeList="http://www.iso.org/iso/country_codes/iso_3166_code_lists.htm" codeListValue="AU" codeSpace="ISO3166-1">AU</Country>
                          </country>
                          <electronicMailAddress>
                            <gco:CharacterString>SIProductdelivery@dnrm.qld.gov.au</gco:CharacterString>
                          </electronicMailAddress>
                        </CI_Address>
                      </address>
                    </CI_Contact>
                  </contactInfo>
                  <role>
                    <CI_RoleCode codeList="http://www.isotc211.org/2005/resources/Codelist/gmxCodelists.xml#CI_RoleCode" codeListValue="processor" codeSpace="ISOTC211/19115">processor</CI_RoleCode>
                  </role>
                </CI_ResponsibleParty>
              </processor>
            </LI_ProcessStep>
          </processStep>
        </LI_Lineage>
      </lineage>
    </DQ_DataQuality>
  </dataQualityInfo>
  <metadataConstraints>
    <MD_SecurityConstraints>
      <classification>
        <MD_ClassificationCode codeList="http://www.isotc211.org/2005/resources/Codelist/gmxCodelists.xml#MD_ClassificationCode" codeListValue="unclassified" codeSpace="ISOTC211/19115">unclassified</MD_ClassificationCode>
      </classification>
      <classificationSystem>
        <gco:CharacterString>Metadata Access Level</gco:CharacterString>
      </classificationSystem>
    </MD_SecurityConstraints>
  </metadataConstraints>
  <metadataMaintenance>
    <MD_MaintenanceInformation>
      <maintenanceAndUpdateFrequency>
        <MD_MaintenanceFrequencyCode codeList="http://www.isotc211.org/2005/resources/Codelist/gmxCodelists.xml#MD_MaintenanceFrequencyCode" codeListValue="asNeeded" codeSpace="ISOTC211/19115">asNeeded</MD_MaintenanceFrequencyCode>
      </maintenanceAndUpdateFrequency>
    </MD_MaintenanceInformation>
  </metadataMaintenance>
</MD_Metadata>